chapter_number,word,count
1,rabbithol,3
1,alic,28
1,begin,2
1,get,10
1,tire,2
1,sit,1
1,sister,2
1,bank,1
1,noth,7
1,twice,1
1,peep,1
1,book,3
1,read,2
1,pictur,3
1,convers,2
1,use,5
1,thought,8
1,without,2
1,consid,2
1,mind,2
1,well,7
1,could,8
1,hot,2
1,day,1
1,made,2
1,feel,3
1,sleepi,2
1,stupid,2
1,whether,2
1,pleasur,1
1,make,5
1,daisychain,1
1,would,6
1,worth,1
1,troubl,1
1,pick,1
1,daisi,1
1,sudden,5
1,white,2
1,rabbit,6
1,pink,1
1,eye,3
1,ran,2
1,close,2
1,_very_,4
1,remark,1
1,think,11
1,much,6
1,way,11
1,hear,2
1,say,8
1,oh,4
1,dear,3
1,shall,5
1,late,3
1,afterward,1
1,occur,1
1,ought,1
1,wonder,8
1,time,8
1,seem,4
1,quit,4
1,natur,1
1,actual,1
1,_took,1
1,watch,2
1,waistcoatpocket_,1
1,look,7
1,hurri,3
1,start,1
1,feet,2
1,flash,1
1,across,2
1,never,4
1,seen,3
1,either,6
1,waistcoatpocket,1
1,take,1
1,burn,2
1,curios,1
1,field,1
1,fortun,1
1,see,10
1,pop,1
1,larg,3
1,hedg,1
1,anoth,3
1,moment,4
1,went,7
1,world,1
1,straight,1
1,like,12
1,tunnel,1
1,dip,1
1,stop,1
1,found,7
1,fall,6
1,deep,2
1,fell,4
1,slowli,1
1,plenti,1
1,go,8
1,happen,6
1,next,1
1,first,4
1,tri,8
1,come,4
1,dark,3
1,anyth,2
1,side,2
1,notic,2
1,fill,1
1,cupboard,2
1,bookshelv,1
1,saw,2
1,map,1
1,hung,1
1,upon,4
1,peg,1
1,took,1
1,jar,2
1,one,8
1,shelv,1
1,pass,1
1,label,2
1,orang,1
1,marmalad,1
1,great,2
1,disappoint,1
1,empti,1
1,drop,1
1,fear,1
1,kill,1
1,somebodi,1
1,underneath,1
1,manag,2
1,put,2
1,past,1
1,tumbl,1
1,stair,1
1,brave,1
1,theyll,2
1,home,1
1,wouldnt,1
1,even,3
1,top,2
1,hous,1
1,true,1
1,_never_,1
1,end,2
1,mani,2
1,mile,2
1,ive,2
1,fallen,1
1,said,8
1,aloud,1
1,must,2
1,somewher,2
1,near,1
1,centr,1
1,earth,2
1,let,1
1,four,1
1,thousand,1
1,learnt,1
1,sever,3
1,thing,7
1,sort,3
1,lesson,1
1,schoolroom,1
1,though,2
1,good,3
1,opportun,1
1,show,1
1,knowledg,1
1,listen,2
1,still,2
1,practic,1
1,yes,1
1,that,2
1,right,4
1,distancebut,1
1,latitud,2
1,longitud,2
1,got,4
1,idea,1
1,nice,3
1,grand,1
1,word,4
1,present,1
1,began,3
1,_through_,1
1,funni,1
1,itll,2
1,among,2
1,peopl,4
1,walk,3
1,head,4
1,downward,1
1,antipathi,1
1,rather,3
1,glad,1
1,_was_,1
1,didnt,2
1,sound,1
1,ask,3
1,name,1
1,countri,1
1,know,3
1,pleas,1
1,maam,1
1,new,1
1,zealand,1
1,australia,1
1,curtsey,1
1,spokef,1
1,_curtseying_,1
1,your,1
1,air,2
1,ignor,1
1,littl,15
1,girl,1
1,shell,1
1,perhap,1
1,written,1
1,els,1
1,soon,4
1,talk,1
1,dinahl,1
1,miss,1
1,tonight,1
1,dinah,4
1,cat,5
1,hope,2
1,rememb,4
1,saucer,1
1,milk,1
1,teatim,1
1,wish,2
1,mice,1
1,im,1
1,afraid,1
1,might,4
1,catch,1
1,bat,6
1,mous,1
1,eat,8
1,dreami,1
1,sometim,2
1,couldnt,1
1,answer,1
1,question,1
1,matter,1
1,felt,2
1,doze,1
1,begun,2
1,dream,1
1,hand,3
1,earnest,1
1,tell,1
1,truth,1
1,ever,4
1,thump,2
1,came,3
1,heap,1
1,stick,1
1,dri,1
1,leav,2
1,bit,2
1,hurt,1
1,jump,1
1,overhead,1
1,long,4
1,passag,3
1,sight,1
1,lost,1
1,away,1
1,wind,1
1,turn,2
1,corner,2
1,ear,2
1,whisker,1
1,behind,2
1,longer,1
1,low,2
1,hall,4
1,lit,1
1,row,1
1,lamp,1
1,hang,1
1,roof,1
1,door,9
1,round,3
1,lock,3
1,everi,1
1,sad,1
1,middl,1
1,threeleg,1
1,tabl,5
1,solid,1
1,glass,3
1,except,1
1,tini,1
1,golden,3
1,key,6
1,belong,1
1,ala,2
1,small,3
1,rate,2
1,open,3
1,howev,3
1,second,1
1,curtain,1
1,fifteen,1
1,inch,2
1,high,2
1,delight,1
1,fit,1
1,led,1
1,larger,2
1,rathol,1
1,knelt,1
1,along,1
1,loveliest,1
1,garden,4
1,wander,1
1,bed,1
1,bright,1
1,flower,1
1,cool,1
1,fountain,1
1,doorway,1
1,poor,4
1,shoulder,1
1,shut,3
1,telescop,3
1,knew,1
1,outoftheway,2
1,inde,2
1,realli,1
1,imposs,1
1,wait,2
1,back,2
1,half,1
1,find,4
1,rule,2
1,bottl,4
1,certain,2
1,neck,1
1,paper,1
1,drink,3
1,beauti,2
1,print,1
1,letter,1
1,wise,1
1,_that_,1
1,ill,3
1,mark,4
1,_poison_,1
1,histori,1
1,children,1
1,burnt,1
1,eaten,1
1,wild,1
1,beast,1
1,unpleas,1
1,_would_,1
1,simpl,1
1,friend,1
1,taught,1
1,redhot,1
1,poker,1
1,hold,2
1,cut,1
1,finger,1
1,deepli,1
1,knife,1
1,usual,1
1,bleed,1
1,forgotten,2
1,poison,2
1,almost,1
1,disagre,1
1,sooner,1
1,later,1
1,_not_,1
1,ventur,1
1,tast,1
1,fact,1
1,mix,1
1,flavour,1
1,cherrytart,1
1,custard,1
1,pineappl,1
1,roast,1
1,turkey,1
1,toffe,1
1,butter,1
1,toast,1
1,finish,2
1,curious,2
1,ten,1
1,face,1
1,brighten,1
1,size,2
1,love,1
1,minut,2
1,shrink,1
1,nervous,1
1,altogeth,1
1,candl,3
1,fanci,1
1,flame,1
1,blown,1
1,decid,1
1,possibl,1
1,reach,2
1,plain,1
1,best,1
1,climb,1
1,leg,1
1,slipperi,1
1,sat,1
1,cri,2
1,there,2
1,sharpli,1
1,advis,1
1,general,2
1,gave,1
1,advic,1
1,seldom,1
1,follow,1
1,scold,1
1,bring,1
1,tear,1
1,box,2
1,cheat,1
1,game,1
1,croquet,1
1,play,1
1,child,1
1,fond,1
1,pretend,2
1,two,2
1,hard,1
1,enough,1
1,left,1
1,_one_,1
1,respect,1
1,person,1
1,lie,1
1,cake,3
1,currant,1
1,grow,3
1,smaller,1
1,creep,1
1,dont,1
1,care,1
1,ate,1
1,anxious,1
1,surpris,1
1,remain,1
1,sure,1
1,expect,1
1,dull,1
1,life,1
1,common,1
1,set,1
1,work,1
2,pool,8
2,tear,6
2,curious,3
2,cri,10
2,alic,25
2,much,3
2,surpris,2
2,moment,3
2,quit,5
2,forgot,2
2,speak,3
2,good,2
2,english,3
2,im,12
2,open,1
2,like,10
2,largest,1
2,telescop,1
2,ever,4
2,goodby,1
2,feet,8
2,look,6
2,seem,5
2,almost,2
2,sight,1
2,get,5
2,far,2
2,oh,9
2,poor,5
2,littl,16
2,wonder,2
2,put,4
2,shoe,1
2,stock,1
2,dear,11
2,sure,5
2,_i_,2
2,shant,1
2,abl,1
2,shall,5
2,great,5
2,deal,2
2,troubl,1
2,must,9
2,manag,2
2,best,1
2,way,8
2,canbut,1
2,kind,1
2,thought,9
2,perhap,3
2,wont,5
2,walk,1
2,want,1
2,go,11
2,let,6
2,see,6
2,ill,7
2,give,1
2,new,1
2,pair,2
2,boot,1
2,everi,2
2,christma,1
2,went,9
2,plan,1
2,would,4
2,carrier,1
2,funni,1
2,itll,4
2,send,1
2,present,1
2,one,8
2,odd,1
2,direct,1
2,_alic,1
2,right,3
2,foot,2
2,esq,1
2,hearthrug,1
2,near,4
2,fender_,1
2,_with,1
2,love_,1
2,nonsens,1
2,talk,7
2,head,3
2,struck,1
2,roof,1
2,hall,3
2,fact,1
2,nine,2
2,high,4
2,took,2
2,golden,3
2,key,2
2,hurri,3
2,garden,3
2,door,3
2,could,7
2,lie,2
2,side,1
2,eye,4
2,hopeless,1
2,sat,1
2,began,6
2,ought,1
2,asham,1
2,said,12
2,girl,1
2,might,1
2,well,2
2,say,7
2,stop,1
2,tell,3
2,shed,1
2,gallon,1
2,larg,2
2,round,2
2,four,4
2,inch,1
2,deep,1
2,reach,1
2,half,3
2,time,8
2,heard,3
2,patter,1
2,distanc,1
2,hastili,3
2,dri,1
2,come,7
2,white,4
2,rabbit,4
2,return,1
2,splendid,1
2,dress,1
2,kid,3
2,glove,4
2,hand,3
2,fan,5
2,came,3
2,trot,1
2,along,1
2,mutter,1
2,duchess,2
2,savag,1
2,ive,4
2,kept,2
2,wait,1
2,felt,2
2,desper,1
2,readi,1
2,ask,1
2,help,1
2,low,3
2,timid,1
2,voic,4
2,pleas,1
2,sir,1
2,start,1
2,violent,1
2,drop,2
2,skurri,1
2,away,3
2,dark,1
2,hard,2
2,hot,1
2,queer,3
2,everyth,3
2,today,2
2,yesterday,1
2,thing,10
2,usual,1
2,chang,5
2,night,1
2,think,5
2,got,2
2,morn,1
2,rememb,4
2,feel,2
2,differ,1
2,next,2
2,question,1
2,world,1
2,ah,1
2,_thats_,2
2,puzzl,2
2,children,2
2,knew,1
2,age,1
2,ada,1
2,hair,2
2,goe,1
2,long,3
2,ringlet,2
2,mine,1
2,doesnt,3
2,cant,2
2,mabel,4
2,know,7
2,sort,2
2,besid,1
2,_shes_,1
2,_im_,1
2,andoh,2
2,tri,5
2,use,5
2,five,1
2,twelv,1
2,six,1
2,thirteen,1
2,seven,1
2,isoh,1
2,never,4
2,twenti,1
2,rate,2
2,howev,3
2,multipl,1
2,tabl,3
2,signifi,1
2,geographi,1
2,london,1
2,capit,3
2,pari,2
2,rome,1
2,romeno,1
2,wrong,1
2,certain,2
2,_how,1
2,doth,2
2,little_,1
2,cross,1
2,lap,1
2,lesson,2
2,repeat,1
2,sound,1
2,hoars,1
2,strang,1
2,word,3
2,crocodil,1
2,improv,1
2,shine,1
2,tail,2
2,pour,1
2,water,3
2,nile,1
2,scale,1
2,cheer,1
2,grin,1
2,neat,1
2,spread,1
2,claw,1
2,welcom,1
2,fish,1
2,gentl,1
2,smile,1
2,jaw,1
2,fill,1
2,live,1
2,poki,1
2,hous,3
2,toy,1
2,play,1
2,mani,1
2,learn,1
2,made,3
2,mind,1
2,stay,2
2,first,4
2,person,1
2,till,1
2,somebodi,1
2,elsebut,1
2,sudden,3
2,burst,1
2,wish,3
2,_would_,1
2,_very_,1
2,tire,2
2,alon,1
2,_can_,1
2,done,2
2,grow,1
2,small,3
2,measur,1
2,found,2
2,guess,1
2,two,1
2,shrink,2
2,rapid,1
2,soon,3
2,caus,1
2,hold,1
2,avoid,1
2,altogeth,1
2,_was_,1
2,narrow,1
2,escap,1
2,frighten,1
2,glad,1
2,find,3
2,still,1
2,exist,1
2,ran,1
2,speed,1
2,back,4
2,ala,1
2,shut,1
2,glass,1
2,wors,1
2,child,1
2,declar,1
2,bad,1
2,slip,2
2,anoth,1
2,splash,2
2,chin,1
2,salt,1
2,idea,1
2,somehow,1
2,fallen,2
2,sea,2
2,case,1
2,railway,2
2,seasid,1
2,life,1
2,general,1
2,conclus,1
2,wherev,1
2,coast,1
2,number,1
2,bath,1
2,machin,1
2,dig,1
2,sand,1
2,wooden,1
2,spade,1
2,row,1
2,lodg,1
2,behind,1
2,station,1
2,wept,1
2,hadnt,1
2,swam,5
2,punish,1
2,suppos,1
2,drown,1
2,_will_,1
2,someth,1
2,nearer,1
2,make,2
2,walrus,1
2,hippopotamus,1
2,mous,16
2,outoftheway,1
2,there,1
2,harm,1
2,swim,2
2,seen,1
2,brother,1
2,latin,1
2,grammar,1
2,mouseof,1
2,mouseto,1
2,mousea,1
2,mouseo,1
2,rather,2
2,inquisit,1
2,wink,1
2,noth,1
2,understand,2
2,daresay,1
2,french,2
2,william,1
2,conqueror,1
2,knowledg,1
2,histori,2
2,clear,1
2,notion,1
2,ago,1
2,anyth,1
2,happen,1
2,est,1
2,chatt,1
2,sentenc,1
2,lessonbook,1
2,gave,1
2,leap,1
2,quiver,1
2,fright,1
2,beg,3
2,pardon,2
2,afraid,2
2,hurt,1
2,anim,2
2,didnt,1
2,cat,8
2,shrill,1
2,passion,2
2,_you_,1
2,sooth,1
2,tone,2
2,dont,3
2,angri,1
2,yet,1
2,show,2
2,dinah,1
2,youd,2
2,take,1
2,fanci,1
2,quiet,1
2,lazili,1
2,sit,2
2,pur,1
2,nice,3
2,fire,1
2,lick,1
2,paw,1
2,wash,1
2,faceand,1
2,soft,2
2,nurseand,1
2,shes,1
2,catch,1
2,miceoh,1
2,bristl,1
2,realli,1
2,offend,2
2,inde,2
2,trembl,2
2,end,1
2,subject,2
2,famili,1
2,alway,1
2,_hated_,1
2,nasti,1
2,vulgar,1
2,hear,1
2,name,1
2,convers,1
2,youar,1
2,fondofof,1
2,dog,4
2,answer,1
2,eager,1
2,brightey,1
2,terrier,1
2,cur,1
2,brown,1
2,fetch,1
2,throw,1
2,dinner,1
2,thingsi,1
2,themand,1
2,belong,1
2,farmer,1
2,worth,1
2,hundr,1
2,pound,1
2,kill,1
2,rat,1
2,sorrow,1
2,commot,1
2,call,1
2,either,1
2,turn,1
2,slowli,1
2,face,1
2,pale,1
2,us,1
2,shore,2
2,youll,1
2,hate,1
2,crowd,1
2,bird,1
2,duck,1
2,dodo,1
2,lori,1
2,eaglet,1
2,sever,1
2,creatur,1
2,led,1
2,whole,1
2,parti,1
3,caucusrac,3
3,long,6
3,tale,3
3,inde,2
3,queerlook,1
3,parti,4
3,assembl,1
3,bankth,1
3,bird,6
3,draggl,1
3,feather,1
3,anim,1
3,fur,1
3,cling,1
3,close,1
3,drip,1
3,wet,2
3,cross,1
3,uncomfort,1
3,first,3
3,question,5
3,cours,5
3,get,6
3,dri,6
3,consult,1
3,minut,1
3,seem,5
3,quit,5
3,natur,1
3,alic,23
3,find,3
3,talk,3
3,familiar,1
3,known,1
3,life,1
3,argument,1
3,lori,6
3,last,4
3,turn,4
3,sulki,1
3,would,6
3,say,6
3,older,1
3,must,5
3,know,12
3,better,1
3,allow,1
3,without,2
3,old,4
3,posit,2
3,refus,1
3,tell,4
3,age,1
3,said,34
3,mous,20
3,person,1
3,author,1
3,among,2
3,call,6
3,sit,1
3,listen,1
3,_ill_,1
3,soon,7
3,make,2
3,enough,3
3,sat,3
3,larg,2
3,ring,2
3,middl,1
3,kept,2
3,eye,1
3,anxious,2
3,fix,1
3,felt,2
3,sure,2
3,catch,2
3,bad,1
3,cold,1
3,ahem,1
3,import,1
3,air,1
3,readi,3
3,driest,1
3,thing,6
3,silenc,2
3,round,6
3,pleas,3
3,william,3
3,conqueror,1
3,whose,1
3,caus,4
3,favour,1
3,pope,1
3,submit,1
3,english,2
3,want,2
3,leader,1
3,late,1
3,much,2
3,accustom,1
3,usurp,1
3,conquest,1
3,edwin,2
3,morcar,2
3,earl,2
3,mercia,2
3,northumbria,2
3,ugh,1
3,shiver,1
3,beg,4
3,pardon,2
3,frown,1
3,polit,1
3,speak,4
3,hastili,1
3,thought,4
3,proceed,1
3,declar,1
3,even,1
3,stigand,1
3,patriot,1
3,archbishop,2
3,canterburi,1
3,found,4
3,advis,2
3,_what_,1
3,duck,2
3,_it_,1
3,repli,4
3,rather,1
3,crossli,1
3,mean,4
3,well,1
3,_i_,2
3,general,1
3,frog,1
3,worm,1
3,notic,1
3,hurri,2
3,went,2
3,go,3
3,edgar,1
3,athel,1
3,meet,2
3,offer,1
3,crown,1
3,conduct,1
3,moder,1
3,insol,1
3,norman,1
3,dear,5
3,continu,1
3,spoke,1
3,ever,2
3,melancholi,2
3,tone,3
3,doesnt,3
3,case,1
3,dodo,12
3,solemn,3
3,rise,1
3,feet,1
3,move,2
3,adjourn,1
3,immedi,1
3,adopt,1
3,energet,1
3,remedi,1
3,eaglet,2
3,dont,2
3,half,4
3,word,1
3,what,1
3,believ,1
3,either,1
3,bent,1
3,head,2
3,hide,1
3,smile,1
3,titter,1
3,audibl,1
3,offend,3
3,best,3
3,us,2
3,_is_,2
3,paus,1
3,_somebody_,1
3,ought,1
3,one,8
3,els,2
3,inclin,1
3,anyth,2
3,way,2
3,explain,1
3,might,2
3,like,5
3,tri,3
3,winter,1
3,day,1
3,manag,1
3,mark,1
3,racecours,1
3,sort,2
3,circl,1
3,exact,2
3,shape,1
3,matter,1
3,place,1
3,along,1
3,two,1
3,three,1
3,away,3
3,began,3
3,run,2
3,left,2
3,easi,1
3,race,2
3,howev,3
3,hour,1
3,sudden,1
3,crowd,3
3,pant,1
3,ask,3
3,could,5
3,answer,1
3,great,1
3,deal,1
3,time,2
3,finger,2
3,press,1
3,upon,1
3,forehead,1
3,usual,1
3,see,3
3,shakespear,1
3,pictur,1
3,rest,1
3,wait,1
3,_everybody_,1
3,prize,6
3,give,1
3,chorus,2
3,voic,2
3,_she_,1
3,point,1
3,whole,3
3,confus,2
3,idea,2
3,despair,1
3,put,1
3,hand,3
3,pocket,2
3,pull,1
3,box,1
3,comfit,2
3,luckili,1
3,salt,1
3,water,1
3,got,3
3,apiec,1
3,grave,2
3,thimbl,4
3,sad,3
3,present,1
3,accept,1
3,eleg,1
3,finish,3
3,short,1
3,speech,2
3,cheer,1
3,absurd,1
3,look,6
3,dare,1
3,laugh,1
3,think,4
3,simpli,1
3,bow,1
3,took,2
3,next,1
3,eat,2
3,nois,1
3,complain,1
3,tast,1
3,small,1
3,choke,1
3,pat,1
3,back,4
3,someth,2
3,promis,1
3,histori,1
3,hatec,1
3,ad,1
3,whisper,1
3,afraid,1
3,mine,1
3,sigh,2
3,tail,2
3,certain,1
3,wonder,2
3,puzzl,1
3,furi,2
3,met,1
3,hous,1
3,let,3
3,law,1
3,prosecut,1
3,_you_com,1
3,ill,4
3,take,1
3,denial,1
3,trial,2
3,realli,2
3,morn,1
3,ive,1
3,noth,2
3,cur,1
3,sir,1
3,juri,2
3,judg,2
3,wast,1
3,breath,1
3,cun,1
3,condemn,1
3,death,1
3,attend,1
3,sever,1
3,humbl,1
3,fifth,1
3,bend,1
3,_not_,1
3,cri,2
3,sharpli,1
3,angrili,1
3,knot,1
3,alway,2
3,use,1
3,oh,3
3,help,1
3,undo,1
3,shall,2
3,walk,2
3,insult,1
3,nonsens,1
3,didnt,1
3,plead,1
3,poor,2
3,your,2
3,easili,1
3,growl,1
3,come,3
3,stori,2
3,other,1
3,join,1
3,yes,1
3,shook,1
3,impati,1
3,littl,5
3,quicker,1
3,piti,1
3,wouldnt,1
3,stay,1
3,sight,1
3,crab,2
3,opportun,1
3,daughter,1
3,ah,1
3,lesson,1
3,never,1
3,lose,1
3,_your_,1
3,temper,1
3,hold,1
3,tongu,1
3,young,1
3,snappish,1
3,patienc,1
3,oyster,1
3,wish,3
3,dinah,5
3,aloud,1
3,address,1
3,nobodi,2
3,particular,1
3,shed,1
3,fetch,1
3,ventur,1
3,eager,2
3,pet,1
3,cat,2
3,shes,2
3,capit,1
3,mice,1
3,cant,1
3,shell,1
3,remark,2
3,sensat,1
3,magpi,1
3,wrap,1
3,care,1
3,home,1
3,nightair,1
3,suit,1
3,throat,1
3,canari,1
3,trembl,1
3,children,1
3,high,1
3,bed,1
3,various,1
3,pretext,1
3,alon,1
3,hadnt,1
3,mention,1
3,im,1
3,world,1
3,lone,1
3,lowspirit,1
3,heard,1
3,patter,1
3,footstep,1
3,distanc,1
3,hope,1
3,chang,1
3,mind,1
4,rabbit,14
4,send,2
4,littl,23
4,bill,12
4,white,3
4,trot,1
4,slowli,1
4,back,2
4,look,9
4,anxious,2
4,went,7
4,lost,1
4,someth,5
4,heard,9
4,mutter,1
4,duchess,2
4,oh,6
4,dear,3
4,paw,2
4,fur,1
4,whisker,1
4,shell,1
4,get,10
4,execut,1
4,sure,9
4,ferret,2
4,_can_,2
4,drop,1
4,wonder,5
4,alic,31
4,guess,2
4,moment,7
4,fan,7
4,pair,4
4,kid,2
4,glove,6
4,goodnatur,1
4,began,6
4,hunt,2
4,nowher,1
4,seeneveryth,1
4,seem,5
4,chang,2
4,sinc,1
4,swim,1
4,pool,1
4,great,7
4,hall,1
4,glass,4
4,tabl,2
4,door,6
4,vanish,1
4,complet,1
4,soon,4
4,notic,3
4,call,2
4,angri,2
4,tone,3
4,mari,4
4,ann,4
4,_are_,1
4,run,3
4,home,2
4,fetch,3
4,quick,1
4,much,5
4,frighten,2
4,ran,6
4,direct,3
4,point,1
4,without,3
4,tri,5
4,explain,1
4,mistak,1
4,made,8
4,took,2
4,housemaid,1
4,said,14
4,surpris,2
4,hell,1
4,find,4
4,id,3
4,better,3
4,take,5
4,glovesthat,1
4,came,8
4,upon,4
4,neat,2
4,hous,6
4,bright,2
4,brass,1
4,plate,1
4,name,1
4,w,1
4,engrav,1
4,knock,1
4,hurri,3
4,upstair,1
4,fear,1
4,lest,1
4,meet,1
4,real,1
4,turn,2
4,found,5
4,queer,1
4,go,7
4,messag,2
4,suppos,3
4,dinahl,1
4,next,6
4,fanci,3
4,sort,5
4,thing,8
4,would,3
4,happen,7
4,miss,1
4,come,7
4,readi,1
4,walk,1
4,minut,4
4,nurs,1
4,ive,3
4,got,6
4,see,5
4,mous,1
4,doesnt,1
4,dont,5
4,think,3
4,theyd,2
4,let,2
4,dinah,2
4,stop,3
4,order,2
4,peopl,1
4,like,9
4,time,7
4,way,5
4,tidi,1
4,room,7
4,window,8
4,hope,3
4,two,3
4,three,1
4,tini,2
4,leav,2
4,eye,4
4,fell,1
4,bottl,6
4,stood,1
4,near,3
4,lookingglass,1
4,label,1
4,word,2
4,drink,4
4,nevertheless,1
4,uncork,1
4,put,6
4,lip,1
4,know,4
4,_something_,1
4,interest,1
4,whenev,1
4,eat,5
4,anyth,5
4,ill,5
4,itll,1
4,make,6
4,grow,11
4,larg,5
4,realli,1
4,im,6
4,quit,8
4,tire,2
4,inde,2
4,sooner,1
4,expect,2
4,drunk,2
4,half,3
4,head,6
4,press,2
4,ceil,1
4,stoop,1
4,save,1
4,neck,1
4,broken,4
4,hastili,1
4,say,5
4,that,2
4,enoughi,1
4,shant,2
4,morea,1
4,cant,2
4,doori,1
4,wish,4
4,hadnt,3
4,ala,1
4,late,1
4,kneel,1
4,floor,2
4,anoth,5
4,even,1
4,effect,2
4,lie,1
4,one,14
4,elbow,2
4,arm,6
4,curl,1
4,round,5
4,still,2
4,last,5
4,resourc,1
4,foot,2
4,chimney,5
4,whatev,1
4,_will_,2
4,becom,1
4,luckili,1
4,magic,1
4,full,1
4,grew,1
4,larger,3
4,uncomfort,1
4,chanc,1
4,ever,2
4,felt,1
4,unhappi,1
4,pleasant,1
4,thought,9
4,poor,3
4,wasnt,1
4,alway,1
4,smaller,2
4,mice,1
4,almost,1
4,gone,1
4,rabbitholeand,1
4,yetand,1
4,yetit,1
4,rather,1
4,curious,1
4,life,1
4,use,1
4,read,1
4,fairytal,1
4,kind,1
4,never,2
4,middl,2
4,ought,3
4,book,1
4,written,1
4,write,1
4,onebut,1
4,grown,1
4,ad,1
4,sorrow,1
4,least,1
4,there,2
4,_here_,1
4,shall,1
4,_never_,1
4,older,1
4,thatll,1
4,comfort,1
4,waynev,1
4,old,3
4,womanbut,1
4,thenalway,1
4,lesson,2
4,learn,2
4,shouldnt,1
4,_that_,2
4,foolish,1
4,answer,1
4,hard,6
4,_you_,2
4,lessonbook,1
4,first,3
4,side,3
4,convers,1
4,altogeth,1
4,voic,7
4,outsid,2
4,listen,1
4,patter,1
4,feet,3
4,stair,1
4,knew,1
4,trembl,1
4,till,6
4,shook,1
4,forget,1
4,thousand,1
4,reason,1
4,afraid,1
4,present,1
4,open,2
4,inward,1
4,attempt,1
4,prove,1
4,failur,1
4,wont,2
4,wait,5
4,sudden,1
4,spread,2
4,hand,2
4,snatch,2
4,air,3
4,hold,3
4,shriek,2
4,fall,1
4,crash,1
4,conclud,1
4,possibl,2
4,fallen,1
4,cucumberfram,2
4,voiceth,1
4,rabbitspat,1
4,pat,2
4,dig,2
4,appl,2
4,yer,4
4,honour,4
4,angrili,1
4,help,1
4,_this_,1
4,sound,5
4,tell,4
4,what,1
4,pronounc,1
4,arrum,1
4,goos,1
4,saw,1
4,size,4
4,fill,1
4,whole,1
4,well,4
4,busi,1
4,rate,1
4,away,1
4,long,4
4,silenc,4
4,could,4
4,hear,2
4,whisper,1
4,coward,1
4,_two_,1
4,number,1
4,must,3
4,theyll,2
4,pull,1
4,_could_,1
4,_i_,2
4,want,1
4,stay,1
4,longer,1
4,rumbl,1
4,cartwheel,1
4,good,4
4,mani,1
4,talk,1
4,togeth,2
4,where,1
4,ladderwhi,1
4,bring,1
4,otherbil,1
4,ladher,1
4,em,2
4,cornerno,1
4,tie,1
4,firstthey,1
4,reach,1
4,high,1
4,enough,3
4,yetoh,1
4,particularher,1
4,catch,1
4,ropewil,1
4,roof,2
4,bearmind,1
4,loos,1
4,slateoh,1
4,loud,2
4,crashnow,1
4,thatit,1
4,fancywho,1
4,chimneynay,1
4,it_that_,1
4,thenbil,1
4,downher,1
4,master,1
4,your,1
4,shi,1
4,everyth,1
4,wouldnt,1
4,place,1
4,deal,2
4,fireplac,1
4,narrow,1
4,_think_,1
4,kick,2
4,drew,1
4,far,1
4,anim,2
4,couldnt,1
4,scratch,1
4,scrambl,1
4,close,1
4,gave,1
4,sharp,2
4,general,1
4,chorus,1
4,goe,2
4,alongcatch,1
4,hedg,1
4,confus,1
4,voiceshold,1
4,headbrandi,1
4,nowdont,1
4,choke,1
4,himhow,1
4,fellow,2
4,us,1
4,feebl,1
4,squeak,1
4,knowno,1
4,thank,1
4,ye,1
4,nowbut,1
4,fluster,1
4,youall,1
4,jackinthebox,1
4,skyrocket,1
4,other,1
4,burn,1
4,set,3
4,dead,2
4,instant,1
4,sens,1
4,move,1
4,barrow,2
4,begin,1
4,_what_,1
4,doubt,2
4,shower,1
4,pebbl,2
4,rattl,1
4,hit,1
4,face,1
4,shout,1
4,youd,1
4,produc,1
4,cake,3
4,lay,1
4,idea,2
4,_some_,1
4,swallow,1
4,delight,2
4,shrink,1
4,small,1
4,crowd,1
4,bird,1
4,lizard,1
4,held,2
4,guineapig,1
4,give,1
4,rush,3
4,appear,2
4,safe,1
4,thick,1
4,wood,2
4,wander,1
4,right,3
4,second,1
4,love,1
4,garden,1
4,best,1
4,plan,2
4,excel,1
4,simpli,1
4,arrang,1
4,difficulti,1
4,smallest,2
4,peer,1
4,among,1
4,tree,1
4,bark,3
4,enorm,1
4,puppi,7
4,feebli,1
4,stretch,2
4,touch,1
4,coax,2
4,whistl,1
4,terribl,1
4,might,2
4,hungri,1
4,case,1
4,spite,1
4,pick,1
4,bit,1
4,stick,4
4,whereupon,1
4,jump,1
4,yelp,1
4,believ,1
4,worri,1
4,dodg,1
4,behind,2
4,thistl,2
4,keep,1
4,tumbl,1
4,heel,1
4,game,1
4,play,1
4,carthors,1
4,everi,1
4,trampl,1
4,seri,1
4,short,1
4,charg,1
4,forward,1
4,hoars,1
4,sat,1
4,pant,1
4,tongu,1
4,hang,1
4,mouth,1
4,shut,1
4,opportun,1
4,escap,1
4,breath,1
4,faint,1
4,distanc,1
4,yet,1
4,leant,1
4,buttercup,1
4,rest,1
4,teach,1
4,trick,1
4,ifif,1
4,forgotten,1
4,seehow,1
4,_is_,1
4,manag,1
4,question,2
4,certain,1
4,flower,1
4,blade,1
4,grass,1
4,circumst,1
4,mushroom,2
4,height,1
4,occur,1
4,top,2
4,tipto,1
4,peep,1
4,edg,1
4,immedi,1
4,met,1
4,blue,1
4,caterpillar,1
4,sit,1
4,fold,1
4,quiet,1
4,smoke,1
4,hookah,1
4,els,1
5,advic,1
5,caterpillar,26
5,alic,35
5,look,5
5,time,6
5,silenc,2
5,last,7
5,took,4
5,hookah,4
5,mouth,5
5,address,1
5,languid,1
5,sleepi,1
5,voic,3
5,_you_,3
5,said,52
5,encourag,1
5,open,3
5,convers,2
5,repli,5
5,rather,2
5,shyli,1
5,ii,1
5,hard,3
5,know,7
5,sir,4
5,presentat,1
5,least,2
5,_was_,1
5,got,6
5,morn,1
5,think,8
5,must,3
5,chang,7
5,sever,1
5,sinc,2
5,mean,2
5,stern,1
5,explain,2
5,cant,6
5,_myself_,1
5,im,15
5,afraid,4
5,see,6
5,dont,5
5,put,2
5,clear,1
5,polit,1
5,understand,1
5,begin,4
5,mani,2
5,differ,3
5,size,7
5,day,5
5,confus,1
5,isnt,1
5,well,10
5,perhap,3
5,havent,3
5,found,5
5,yet,5
5,turn,4
5,chrysalisyou,1
5,knowand,1
5,butterfli,1
5,youll,3
5,feel,3
5,littl,10
5,queer,2
5,wont,1
5,bit,6
5,may,1
5,would,4
5,_me_,2
5,contemptu,1
5,brought,2
5,back,5
5,felt,5
5,irrit,1
5,make,4
5,_very_,2
5,short,1
5,remark,2
5,drew,1
5,grave,1
5,ought,1
5,tell,4
5,first,4
5,anoth,4
5,puzzl,3
5,question,3
5,could,4
5,good,5
5,reason,2
5,seem,5
5,unpleas,1
5,state,1
5,mind,2
5,away,3
5,come,5
5,call,1
5,ive,8
5,someth,3
5,import,1
5,say,5
5,sound,1
5,promis,1
5,certain,2
5,came,3
5,keep,2
5,temper,2
5,swallow,2
5,anger,1
5,thought,6
5,might,3
5,wait,2
5,noth,4
5,els,1
5,worth,1
5,hear,1
5,minut,8
5,puf,1
5,without,2
5,speak,3
5,unfold,1
5,arm,2
5,your,6
5,rememb,4
5,thing,3
5,usedand,1
5,ten,1
5,togeth,1
5,_what_,4
5,tri,9
5,doth,1
5,busi,1
5,bee,1
5,melancholi,1
5,repeat,2
5,_you,1
5,old,5
5,father,5
5,william_,1
5,fold,1
5,hand,5
5,began,4
5,william,2
5,young,1
5,man,1
5,hair,1
5,becom,1
5,white,1
5,incess,1
5,stand,1
5,head,4
5,age,1
5,right,5
5,youth,6
5,son,1
5,fear,1
5,injur,1
5,brain,1
5,perfect,2
5,sure,2
5,none,1
5,mention,1
5,grown,1
5,uncommon,1
5,fat,1
5,backsomersault,1
5,door,1
5,pray,2
5,sage,1
5,shook,2
5,grey,1
5,lock,1
5,kept,2
5,limb,1
5,suppl,1
5,use,6
5,ointmenton,1
5,shill,1
5,box,1
5,allow,1
5,sell,1
5,coupl,1
5,jaw,2
5,weak,1
5,anyth,3
5,tougher,1
5,suet,1
5,finish,2
5,goos,1
5,bone,1
5,beak,1
5,manag,2
5,law,1
5,argu,1
5,case,1
5,wife,1
5,muscular,1
5,strength,1
5,gave,2
5,rest,1
5,life,2
5,one,6
5,suppos,2
5,eye,1
5,steadi,1
5,ever,1
5,balanc,1
5,eel,1
5,end,2
5,nose,1
5,made,2
5,aw,1
5,clever,1
5,answer,1
5,three,4
5,enough,3
5,give,1
5,air,1
5,listen,1
5,stuff,2
5,ill,1
5,kick,1
5,stair,1
5,_quite_,1
5,timid,1
5,word,1
5,alter,1
5,wrong,1
5,decid,1
5,want,2
5,ask,2
5,oh,2
5,particular,1
5,hastili,2
5,doesnt,1
5,like,6
5,often,1
5,_dont_,1
5,never,5
5,much,2
5,contradict,1
5,lose,1
5,content,1
5,_little_,1
5,larger,1
5,wouldnt,2
5,inch,3
5,wretch,1
5,height,3
5,inde,2
5,angrili,1
5,rear,1
5,upright,1
5,spoke,2
5,exact,1
5,high,3
5,plead,1
5,poor,2
5,piteous,1
5,tone,5
5,wish,1
5,creatur,1
5,easili,2
5,offend,1
5,get,5
5,smoke,1
5,patient,1
5,chose,1
5,two,3
5,yawn,1
5,twice,1
5,mushroom,4
5,crawl,1
5,grass,1
5,mere,1
5,went,2
5,side,5
5,grow,3
5,taller,2
5,shorter,2
5,aloud,1
5,moment,3
5,sight,1
5,remain,1
5,round,2
5,difficult,1
5,howev,2
5,stretch,1
5,far,2
5,go,4
5,broke,1
5,edg,1
5,nibbl,3
5,righthand,2
5,effect,1
5,next,3
5,violent,2
5,blow,1
5,underneath,1
5,chin,2
5,struck,1
5,foot,2
5,deal,2
5,frighten,2
5,sudden,2
5,lost,1
5,shrink,1
5,rapid,1
5,set,2
5,work,2
5,eat,2
5,press,1
5,close,1
5,room,1
5,morsel,1
5,lefthand,1
5,free,2
5,delight,2
5,alarm,1
5,shoulder,2
5,nowher,1
5,immens,1
5,length,1
5,neck,4
5,rise,1
5,stalk,1
5,sea,1
5,green,3
5,leav,3
5,lay,1
5,_can_,1
5,_have_,2
5,move,1
5,result,1
5,follow,1
5,except,1
5,shake,1
5,among,4
5,distant,1
5,chanc,1
5,find,1
5,bend,1
5,direct,1
5,serpent,12
5,succeed,2
5,curv,1
5,grace,1
5,zigzag,1
5,dive,1
5,top,1
5,tree,4
5,wander,1
5,sharp,1
5,hiss,1
5,draw,1
5,hurri,1
5,larg,1
5,pigeon,12
5,flown,1
5,face,1
5,beat,1
5,wing,1
5,scream,1
5,_not_,2
5,indign,1
5,let,1
5,alon,1
5,subdu,1
5,ad,2
5,kind,2
5,sob,1
5,everi,2
5,way,1
5,suit,1
5,idea,2
5,talk,2
5,root,1
5,bank,1
5,hedg,1
5,attend,1
5,there,3
5,pleas,1
5,till,2
5,wasnt,1
5,troubl,1
5,hatch,1
5,egg,6
5,lookout,1
5,night,1
5,wink,1
5,sleep,1
5,week,1
5,sorri,1
5,youv,1
5,annoy,1
5,id,1
5,taken,1
5,highest,1
5,wood,1
5,continu,1
5,rais,1
5,shriek,1
5,need,1
5,wriggl,1
5,sky,1
5,ugh,1
5,aim,1
5,invent,1
5,iim,1
5,girl,4
5,doubt,1
5,number,1
5,gone,1
5,stori,1
5,deepest,1
5,contempt,1
5,seen,1
5,_one_,1
5,deni,1
5,tast,2
5,truth,1
5,child,1
5,quit,3
5,believ,1
5,theyr,1
5,that,1
5,new,1
5,silent,1
5,opportun,1
5,_that_,1
5,matter,2
5,whether,1
5,happen,1
5,shouldnt,1
5,_yours_,1
5,raw,1
5,sulki,1
5,settl,1
5,nest,1
5,crouch,1
5,entangl,1
5,branch,1
5,stop,1
5,untwist,1
5,still,1
5,held,1
5,piec,1
5,care,1
5,sometim,2
5,bring,1
5,usual,2
5,long,1
5,near,2
5,strang,1
5,half,1
5,plan,1
5,done,2
5,beauti,1
5,gardenhow,1
5,_is_,1
5,wonder,1
5,upon,2
5,place,1
5,hous,2
5,four,1
5,feet,1
5,whoever,1
5,live,1
5,itll,1
5,_this_,1
5,wit,1
5,ventur,1
5,nine,1
6,pig,9
6,pepper,3
6,minut,3
6,two,6
6,stood,1
6,look,9
6,hous,5
6,wonder,1
6,next,3
6,sudden,4
6,footman,11
6,liveri,3
6,came,4
6,run,2
6,woodsh,1
6,consid,1
6,otherwis,1
6,judg,1
6,face,4
6,would,11
6,call,3
6,fishand,1
6,rap,1
6,loud,2
6,door,8
6,knuckl,1
6,open,4
6,anoth,3
6,round,4
6,larg,8
6,eye,4
6,like,16
6,frog,1
6,footmen,1
6,alic,43
6,notic,2
6,powder,1
6,hair,1
6,curl,2
6,head,4
6,felt,6
6,curious,2
6,know,11
6,crept,1
6,littl,14
6,way,8
6,wood,3
6,listen,2
6,fishfootman,2
6,began,5
6,produc,1
6,arm,2
6,great,3
6,letter,1
6,near,5
6,hand,1
6,say,6
6,solemn,2
6,tone,5
6,duchess,14
6,invit,3
6,queen,4
6,play,4
6,croquet,4
6,frogfootman,1
6,repeat,3
6,chang,2
6,order,1
6,word,4
6,bow,1
6,low,1
6,got,2
6,entangl,1
6,togeth,1
6,laugh,1
6,much,12
6,back,2
6,fear,1
6,hear,3
6,peep,1
6,gone,4
6,sit,7
6,ground,1
6,stare,1
6,stupid,1
6,sky,2
6,went,10
6,timid,4
6,knock,4
6,there,3
6,sort,4
6,use,3
6,said,47
6,reason,1
6,first,5
6,im,6
6,side,1
6,second,2
6,theyr,3
6,make,4
6,nois,2
6,insid,1
6,one,7
6,could,9
6,possibl,1
6,certain,3
6,_was_,1
6,extraordinari,1
6,go,8
6,withina,1
6,constant,1
6,howl,4
6,sneez,8
6,everi,2
6,crash,1
6,dish,2
6,kettl,1
6,broken,1
6,piec,2
6,pleas,8
6,get,11
6,might,4
6,sens,1
6,without,4
6,attend,1
6,us,1
6,instanc,1
6,_inside_,1
6,let,1
6,time,5
6,speak,4
6,thought,10
6,decid,1
6,uncivil,1
6,perhap,3
6,cant,2
6,help,2
6,_very_,3
6,top,1
6,rate,1
6,answer,1
6,questionshow,1
6,aloud,1
6,shall,2
6,remark,4
6,till,2
6,tomorrow,1
6,moment,3
6,plate,2
6,skim,1
6,straight,1
6,graze,1
6,nose,4
6,broke,1
6,tree,3
6,behind,2
6,day,5
6,mayb,1
6,continu,1
6,exact,1
6,noth,2
6,happen,2
6,ask,2
6,louder,1
6,_are_,1
6,that,4
6,question,2
6,doubt,2
6,told,1
6,realli,1
6,dread,2
6,mutter,1
6,creatur,4
6,argu,1
6,enough,2
6,drive,1
6,crazi,1
6,seem,3
6,think,6
6,good,3
6,opportun,2
6,variat,1
6,_i_,3
6,anyth,1
6,whistl,1
6,oh,6
6,talk,2
6,desper,1
6,hes,1
6,perfect,1
6,idiot,1
6,led,1
6,right,6
6,kitchen,2
6,full,2
6,smoke,1
6,end,4
6,threeleg,1
6,stool,1
6,middl,1
6,nurs,4
6,babi,11
6,cook,7
6,lean,1
6,fire,2
6,stir,2
6,cauldron,2
6,soup,4
6,well,5
6,air,2
6,even,3
6,occasion,1
6,altern,1
6,paus,1
6,thing,8
6,cat,24
6,hearth,1
6,grin,9
6,ear,4
6,tell,2
6,quit,8
6,sure,3
6,whether,3
6,manner,1
6,cheshir,4
6,last,2
6,violenc,1
6,jump,2
6,saw,3
6,address,1
6,took,3
6,courag,1
6,didnt,3
6,alway,1
6,fact,2
6,_could_,1
6,em,1
6,dont,7
6,polit,1
6,feel,1
6,convers,2
6,introduc,1
6,subject,1
6,tri,2
6,fix,1
6,set,2
6,work,2
6,throw,1
6,everyth,1
6,within,1
6,reach,1
6,babyth,1
6,fireiron,1
6,follow,1
6,shower,1
6,saucepan,2
6,hit,1
6,alreadi,1
6,imposs,2
6,blow,1
6,hurt,1
6,_please_,1
6,mind,3
6,your,5
6,cri,1
6,agoni,1
6,terror,1
6,goe,1
6,_precious_,1
6,unusu,1
6,flew,1
6,close,1
6,carri,3
6,everybodi,1
6,busi,1
6,hoars,1
6,growl,4
6,world,1
6,deal,2
6,faster,1
6,_not_,1
6,advantag,1
6,glad,1
6,show,1
6,knowledg,1
6,night,1
6,see,10
6,earth,1
6,take,3
6,twentyfour,2
6,hour,2
6,turn,3
6,axi,1
6,axe,1
6,chop,1
6,glanc,1
6,rather,4
6,anxious,2
6,meant,1
6,hint,1
6,busili,1
6,_think_,1
6,twelv,1
6,bother,1
6,_me_,1
6,never,1
6,abid,1
6,figur,1
6,child,3
6,sing,1
6,lullabi,1
6,give,1
6,violent,3
6,shake,1
6,line,1
6,rough,1
6,boy,2
6,beat,2
6,annoy,1
6,teas,1
6,chorus,2
6,join,1
6,wow,6
6,sang,1
6,vers,1
6,song,1
6,kept,2
6,toss,1
6,poor,3
6,hard,1
6,sever,1
6,thorough,1
6,enjoy,1
6,may,2
6,bit,2
6,fling,1
6,spoke,1
6,must,3
6,readi,1
6,hurri,1
6,room,1
6,threw,1
6,fryingpan,1
6,miss,1
6,caught,2
6,difficulti,1
6,queershap,1
6,held,1
6,leg,1
6,direct,4
6,starfish,1
6,snort,1
6,steamengin,1
6,doubl,1
6,straighten,1
6,altogeth,2
6,hold,2
6,soon,1
6,made,2
6,proper,2
6,twist,1
6,knot,1
6,keep,2
6,tight,1
6,left,2
6,foot,1
6,prevent,1
6,undo,1
6,away,2
6,kill,1
6,wouldnt,3
6,murder,1
6,leav,1
6,grunt,5
6,repli,2
6,express,1
6,matter,2
6,turnup,1
6,snout,1
6,real,1
6,also,1
6,extrem,1
6,small,1
6,sob,2
6,tear,2
6,dear,1
6,serious,1
6,ill,1
6,silenc,1
6,begin,3
6,home,1
6,alarm,1
6,_no_,1
6,mistak,1
6,neither,1
6,less,1
6,absurd,1
6,reliev,1
6,trot,1
6,quiet,2
6,grown,1
6,ugli,1
6,handsom,1
6,children,1
6,knew,2
6,startl,1
6,bough,1
6,yard,1
6,goodnatur,1
6,still,1
6,long,3
6,claw,1
6,mani,1
6,teeth,1
6,ought,2
6,treat,1
6,respect,1
6,puss,1
6,name,1
6,howev,2
6,wider,1
6,come,3
6,far,1
6,depend,1
6,want,2
6,care,1
6,doesnt,1
6,_somewhere_,1
6,ad,1
6,explan,1
6,walk,3
6,deni,1
6,peopl,2
6,live,4
6,_that_,2
6,wave,2
6,paw,2
6,hatter,3
6,march,5
6,hare,4
6,visit,1
6,either,1
6,mad,11
6,among,1
6,prove,1
6,dog,2
6,grant,1
6,suppos,2
6,angri,2
6,wag,2
6,tail,3
6,therefor,1
6,pur,1
6,today,1
6,havent,1
6,yet,1
6,youll,1
6,vanish,4
6,surpris,1
6,queer,1
6,place,1
6,appear,3
6,bytheby,1
6,becam,1
6,id,2
6,forgotten,1
6,natur,1
6,wait,1
6,half,1
6,expect,1
6,ive,2
6,seen,2
6,interest,1
6,wont,1
6,rave,2
6,madat,1
6,least,1
6,branch,1
6,fig,1
6,wish,2
6,giddi,1
6,slowli,1
6,remain,1
6,rest,1
6,often,1
6,ever,1
6,life,1
6,farther,1
6,sight,1
6,chimney,1
6,shape,1
6,roof,1
6,thatch,1
6,fur,1
6,nearer,1
6,nibbl,1
6,lefthand,1
6,mushroom,1
6,rais,1
6,feet,1
6,high,1
6,toward,1
6,almost,1
6,instead,1
7,mad,2
7,teaparti,2
7,tabl,6
7,set,1
7,tree,2
7,front,1
7,hous,1
7,march,21
7,hare,21
7,hatter,33
7,tea,7
7,dormous,27
7,sit,2
7,fast,1
7,asleep,6
7,two,4
7,use,2
7,cushion,1
7,rest,1
7,elbow,1
7,talk,4
7,head,6
7,uncomfort,1
7,thought,5
7,alic,51
7,suppos,4
7,doesnt,2
7,mind,1
7,larg,2
7,one,10
7,three,4
7,crowd,1
7,togeth,2
7,corner,1
7,room,3
7,cri,2
7,saw,2
7,come,3
7,there,2
7,_plenty_,1
7,said,58
7,indign,2
7,sat,2
7,armchair,1
7,end,1
7,wine,2
7,encourag,1
7,tone,3
7,look,8
7,round,3
7,noth,4
7,dont,7
7,see,4
7,remark,10
7,isnt,1
7,wasnt,4
7,civil,3
7,offer,1
7,angrili,3
7,without,4
7,invit,1
7,didnt,1
7,know,14
7,_your_,3
7,laid,1
7,great,6
7,mani,2
7,hair,1
7,want,2
7,cut,1
7,time,17
7,curios,2
7,first,5
7,speech,1
7,learn,4
7,make,3
7,person,2
7,sever,1
7,rude,2
7,open,3
7,eye,5
7,wide,1
7,hear,1
7,_said_,1
7,raven,2
7,like,8
7,writingdesk,2
7,shall,2
7,fun,1
7,im,3
7,glad,1
7,theyv,1
7,begun,1
7,ask,9
7,riddlesi,1
7,believ,1
7,guess,2
7,ad,5
7,aloud,1
7,mean,6
7,think,8
7,find,1
7,answer,4
7,exact,2
7,say,10
7,went,10
7,hastili,1
7,repli,7
7,leastat,1
7,least,2
7,saythat,1
7,thing,12
7,bit,1
7,might,4
7,well,12
7,eat,3
7,get,5
7,seem,2
7,sleep,4
7,breath,2
7,_is_,1
7,convers,1
7,drop,1
7,parti,1
7,silent,2
7,minut,3
7,could,6
7,rememb,1
7,much,5
7,break,1
7,silenc,1
7,day,3
7,month,2
7,turn,3
7,taken,1
7,watch,4
7,pocket,2
7,uneasili,1
7,shake,1
7,everi,2
7,hold,1
7,ear,1
7,consid,2
7,littl,9
7,fourth,1
7,wrong,1
7,sigh,3
7,told,1
7,butter,3
7,wouldnt,2
7,suit,1
7,work,2
7,_best_,2
7,meek,1
7,yes,3
7,crumb,1
7,must,1
7,got,3
7,grumbl,1
7,shouldnt,3
7,put,3
7,breadknif,1
7,took,5
7,gloomili,1
7,dip,1
7,cup,2
7,better,4
7,shoulder,1
7,funni,1
7,tell,5
7,oclock,3
7,mutter,1
7,year,2
7,cours,5
7,readili,1
7,that,3
7,stay,1
7,long,4
7,case,1
7,_mine_,1
7,felt,1
7,dread,2
7,puzzl,2
7,sort,1
7,yet,3
7,certain,2
7,english,1
7,quit,3
7,understand,2
7,polit,1
7,pour,1
7,hot,1
7,upon,2
7,nose,1
7,shook,3
7,impati,1
7,go,8
7,riddl,2
7,give,1
7,what,1
7,havent,1
7,slightest,1
7,idea,2
7,wearili,1
7,someth,2
7,wast,2
7,knew,1
7,_it_,1
7,_him_,1
7,toss,1
7,contemptu,1
7,dare,2
7,never,2
7,even,1
7,spoke,2
7,perhap,3
7,cautious,2
7,beat,2
7,music,1
7,ah,1
7,account,1
7,wont,3
7,stand,1
7,kept,2
7,good,2
7,term,1
7,hed,1
7,almost,1
7,anyth,1
7,clock,2
7,instanc,1
7,nine,1
7,morn,1
7,begin,5
7,lesson,1
7,youd,2
7,whisper,2
7,hint,1
7,goe,2
7,twinkl,7
7,halfpast,2
7,dinner,1
7,wish,2
7,would,3
7,grand,1
7,theni,1
7,hungri,1
7,keep,2
7,way,4
7,_you_,1
7,manag,2
7,mourn,2
7,quarrel,1
7,last,4
7,marchjust,1
7,_he_,1
7,point,1
7,spoon,1
7,concert,1
7,given,1
7,queen,2
7,heart,1
7,sing,2
7,bat,1
7,wonder,1
7,your,1
7,song,1
7,ive,2
7,heard,2
7,continu,1
7,world,1
7,fli,1
7,teatray,1
7,sky,1
7,began,4
7,_twinkl,1
7,twinkle_,1
7,pinch,3
7,stop,1
7,id,1
7,hard,1
7,finish,2
7,vers,1
7,jump,1
7,bawl,1
7,hes,1
7,murder,1
7,savag,1
7,exclaim,1
7,ever,3
7,sinc,1
7,alway,3
7,six,1
7,bright,2
7,came,1
7,reason,1
7,teath,1
7,teatim,1
7,weve,1
7,wash,1
7,while,1
7,move,4
7,happen,1
7,ventur,1
7,chang,2
7,subject,1
7,interrupt,4
7,yawn,2
7,tire,1
7,vote,1
7,young,1
7,ladi,1
7,us,2
7,stori,3
7,afraid,1
7,rather,2
7,alarm,1
7,propos,1
7,wake,1
7,side,1
7,slowli,1
7,hoars,1
7,feebl,1
7,voic,1
7,word,1
7,fellow,1
7,pleas,2
7,plead,1
7,quick,1
7,youll,1
7,done,2
7,sister,1
7,hurri,1
7,name,1
7,elsi,1
7,laci,1
7,tilli,1
7,live,6
7,bottom,3
7,interest,1
7,question,2
7,drink,1
7,treacl,4
7,couldnt,1
7,gentl,1
7,theyd,1
7,ill,4
7,_very_,1
7,tri,2
7,fanci,1
7,extraordinari,1
7,take,5
7,earnest,1
7,offend,2
7,cant,3
7,_less_,1
7,easi,1
7,_more_,1
7,nobodi,1
7,opinion,1
7,whos,1
7,triumphant,1
7,help,1
7,breadandbutt,1
7,repeat,1
7,treaclewel,1
7,sh,2
7,sulkili,1
7,humbl,1
7,may,2
7,_one_,1
7,inde,1
7,howev,1
7,consent,1
7,sistersthey,1
7,draw,7
7,forget,1
7,promis,1
7,clean,1
7,let,2
7,place,3
7,follow,1
7,unwil,1
7,advantag,1
7,deal,1
7,wors,1
7,upset,1
7,milkjug,1
7,plate,1
7,water,1
7,waterwel,1
7,treaclewelleh,1
7,stupid,1
7,_in_,1
7,choos,1
7,notic,3
7,confus,2
7,poor,1
7,rub,1
7,sleepi,1
7,drew,1
7,manner,1
7,thingseveryth,1
7,close,2
7,doze,1
7,woke,1
7,shriek,1
7,mousetrap,1
7,moon,1
7,memori,1
7,muchnessyou,1
7,muchnessdid,1
7,realli,1
7,piec,2
7,bear,1
7,disgust,1
7,walk,2
7,fell,1
7,instant,1
7,neither,1
7,other,1
7,though,1
7,back,1
7,twice,1
7,half,1
7,hope,1
7,call,1
7,teapot,1
7,rate,1
7,_there_,1
7,pick,1
7,wood,1
7,stupidest,1
7,life,1
7,door,2
7,lead,1
7,right,1
7,curious,2
7,everyth,1
7,today,1
7,found,2
7,hall,1
7,glass,1
7,golden,1
7,key,1
7,unlock,1
7,led,1
7,garden,2
7,nibbl,1
7,mushroom,1
7,till,1
7,foot,1
7,high,1
7,passag,1
7,_then_sh,1
7,beauti,1
7,among,1
7,flowerb,1
7,cool,1
7,fountain,1
8,queen,37
8,croquetground,2
8,larg,3
8,rosetre,4
8,stood,4
8,near,2
8,entranc,1
8,garden,11
8,rose,3
8,grow,1
8,white,4
8,three,11
8,busili,1
8,paint,3
8,red,1
8,alic,39
8,thought,7
8,curious,3
8,thing,5
8,went,10
8,nearer,1
8,watch,3
8,came,9
8,heard,5
8,one,10
8,say,4
8,look,21
8,five,7
8,dont,8
8,go,10
8,splash,1
8,like,11
8,couldnt,3
8,help,2
8,said,43
8,sulki,1
8,tone,5
8,seven,5
8,jog,1
8,elbow,1
8,that,3
8,right,2
8,alway,2
8,lay,1
8,blame,1
8,other,3
8,_youd_,1
8,better,2
8,talk,6
8,yesterday,1
8,deserv,1
8,behead,4
8,spoken,1
8,first,4
8,none,1
8,_your_,1
8,busi,3
8,two,9
8,yes,2
8,_is_,1
8,ill,2
8,tell,3
8,himit,1
8,bring,1
8,cook,1
8,tuliproot,1
8,instead,1
8,onion,1
8,flung,1
8,brush,1
8,begun,1
8,well,3
8,unjust,1
8,eye,2
8,chanc,1
8,fall,1
8,upon,5
8,check,1
8,sudden,1
8,round,7
8,also,1
8,bow,3
8,low,4
8,would,5
8,littl,4
8,timid,3
8,noth,2
8,began,9
8,voic,6
8,fact,1
8,see,9
8,miss,3
8,ought,2
8,_red_,1
8,put,4
8,mistak,1
8,find,3
8,head,16
8,cut,3
8,know,2
8,best,1
8,afor,1
8,come,5
8,moment,5
8,anxious,4
8,across,2
8,call,2
8,instant,2
8,threw,1
8,flat,2
8,face,6
8,sound,1
8,mani,1
8,footstep,1
8,eager,2
8,ten,3
8,soldier,9
8,carri,2
8,club,1
8,shape,1
8,oblong,1
8,hand,6
8,feet,2
8,corner,1
8,next,4
8,courtier,2
8,ornament,2
8,diamond,1
8,walk,4
8,royal,2
8,children,3
8,dear,3
8,jump,2
8,merrili,1
8,along,1
8,coupl,1
8,heart,4
8,guest,1
8,most,1
8,king,14
8,among,1
8,recognis,1
8,rabbit,6
8,hurri,3
8,nervous,1
8,manner,1
8,smile,3
8,everyth,1
8,without,4
8,notic,3
8,follow,1
8,knave,4
8,crown,1
8,crimson,2
8,velvet,1
8,cushion,1
8,last,2
8,grand,1
8,process,6
8,rather,4
8,doubt,1
8,whether,4
8,lie,4
8,could,7
8,rememb,2
8,ever,1
8,rule,2
8,besid,2
8,use,2
8,peopl,3
8,still,1
8,wait,3
8,opposit,1
8,stop,1
8,sever,1
8,repli,2
8,idiot,1
8,toss,1
8,impati,1
8,turn,8
8,what,1
8,name,2
8,child,2
8,pleas,3
8,majesti,3
8,polit,1
8,ad,1
8,theyr,2
8,pack,2
8,card,1
8,neednt,1
8,afraid,1
8,_these_,1
8,point,1
8,pattern,1
8,back,7
8,rest,3
8,_i_,2
8,surpris,2
8,courag,1
8,_mine_,1
8,furi,1
8,glare,1
8,wild,2
8,beast,1
8,scream,4
8,nonsens,2
8,loud,2
8,decid,2
8,silent,3
8,laid,1
8,arm,3
8,consid,1
8,angrili,1
8,away,7
8,care,1
8,foot,1
8,get,6
8,shrill,1
8,everybodi,2
8,els,2
8,leav,1
8,make,3
8,giddi,1
8,_have_,1
8,may,3
8,humbl,1
8,knee,1
8,spoke,4
8,tri,2
8,meanwhil,1
8,examin,1
8,move,1
8,remain,1
8,behind,3
8,execut,4
8,unfortun,1
8,ran,3
8,protect,1
8,shant,1
8,flowerpot,1
8,wander,1
8,minut,6
8,quiet,1
8,march,1
8,shout,6
8,gone,4
8,play,3
8,croquet,3
8,question,2
8,evid,1
8,meant,1
8,roar,1
8,join,1
8,wonder,3
8,much,3
8,happen,2
8,itsit,1
8,fine,1
8,day,1
8,side,3
8,peep,1
8,where,1
8,duchess,3
8,hush,3
8,shoulder,1
8,rais,1
8,tipto,1
8,mouth,2
8,close,2
8,ear,3
8,whisper,2
8,shes,3
8,sentenc,2
8,piti,2
8,ask,2
8,didnt,1
8,think,4
8,box,1
8,gave,1
8,laughter,1
8,oh,1
8,frighten,1
8,hear,2
8,late,1
8,place,1
8,thunder,1
8,run,1
8,direct,1
8,tumbl,1
8,howev,2
8,got,6
8,settl,3
8,game,7
8,never,3
8,seen,2
8,life,2
8,ridg,2
8,furrow,2
8,ball,1
8,live,2
8,hedgehog,10
8,mallet,1
8,flamingo,5
8,doubl,1
8,stand,1
8,arch,3
8,chief,1
8,difficulti,3
8,found,2
8,manag,1
8,succeed,1
8,bodi,2
8,tuck,2
8,comfort,1
8,enough,3
8,leg,1
8,hang,1
8,general,2
8,neck,1
8,nice,1
8,straighten,1
8,give,1
8,blow,1
8,_would_,1
8,twist,1
8,puzzl,2
8,express,1
8,burst,1
8,laugh,1
8,begin,2
8,provok,1
8,unrol,1
8,act,1
8,crawl,1
8,way,4
8,wherev,1
8,want,1
8,send,1
8,doubledup,1
8,part,1
8,ground,2
8,soon,2
8,conclus,1
8,difficult,1
8,inde,2
8,player,2
8,quarrel,2
8,fight,3
8,short,1
8,time,5
8,furious,1
8,passion,2
8,stamp,1
8,feel,2
8,uneasi,1
8,sure,1
8,yet,1
8,disput,2
8,knew,2
8,might,3
8,becom,1
8,dread,2
8,fond,1
8,great,3
8,there,2
8,left,1
8,aliv,2
8,escap,2
8,appear,5
8,air,1
8,made,2
8,grin,1
8,cheshir,3
8,cat,11
8,shall,1
8,somebodi,1
8,speak,2
8,till,2
8,nod,1
8,least,2
8,anoth,2
8,whole,2
8,account,1
8,glad,1
8,someon,1
8,listen,2
8,seem,3
8,sight,2
8,fair,1
8,complain,1
8,cant,1
8,oneself,1
8,speakand,1
8,particular,1
8,nobodi,1
8,attend,1
8,themand,1
8,youv,1
8,idea,1
8,confus,2
8,instanc,1
8,ive,2
8,end,1
8,groundand,1
8,saw,1
8,mine,1
8,extrem,1
8,win,1
8,hard,2
8,worth,1
8,finish,1
8,pass,2
8,_are_,1
8,curios,1
8,friend,2
8,minea,1
8,allow,1
8,introduc,1
8,kiss,1
8,id,1
8,remark,2
8,impertin,1
8,read,1
8,book,1
8,must,1
8,remov,2
8,wish,1
8,small,1
8,even,1
8,fetch,2
8,execution,6
8,distanc,1
8,alreadi,1
8,search,1
8,engag,1
8,excel,1
8,opportun,1
8,helpless,1
8,sort,1
8,fli,1
8,tree,1
8,caught,1
8,brought,1
8,doesnt,1
8,matter,1
8,convers,1
8,quit,2
8,crowd,1
8,collect,1
8,uncomfort,1
8,appeal,1
8,repeat,1
8,argument,4
8,though,1
8,exact,1
8,unless,1
8,wasnt,2
8,_his_,1
8,anyth,1
8,werent,1
8,someth,1
8,done,1
8,less,1
8,shed,1
8,parti,2
8,grave,1
8,belong,1
8,youd,1
8,_her_,1
8,prison,1
8,arrow,1
8,fade,1
8,entir,1
8,disappear,1
9,mock,26
9,turtl,27
9,stori,2
9,cant,4
9,think,6
9,glad,3
9,see,4
9,dear,2
9,old,5
9,thing,8
9,said,57
9,duchess,18
9,tuck,1
9,arm,4
9,affection,1
9,alic,52
9,walk,3
9,togeth,3
9,find,3
9,pleasant,1
9,temper,2
9,thought,7
9,perhap,2
9,pepper,3
9,made,3
9,savag,2
9,met,1
9,kitchen,2
9,_im_,1
9,hope,1
9,tone,5
9,though,4
9,wont,1
9,_at,1
9,all_,1
9,soup,2
9,well,6
9,withoutmayb,1
9,alway,1
9,make,7
9,peopl,2
9,hottemp,1
9,went,13
9,much,6
9,pleas,2
9,found,1
9,new,2
9,kind,1
9,rule,1
9,vinegar,1
9,sourand,1
9,camomil,1
9,bitterandand,1
9,barleysugar,1
9,children,1
9,sweettemp,1
9,wish,1
9,knew,1
9,_that_,3
9,wouldnt,1
9,stingi,1
9,know,9
9,quit,8
9,forgotten,1
9,time,4
9,littl,10
9,startl,1
9,heard,5
9,voic,4
9,close,2
9,ear,1
9,your,2
9,someth,2
9,forget,1
9,talk,2
9,tell,4
9,moral,9
9,shall,3
9,rememb,1
9,bit,1
9,hasnt,2
9,one,5
9,ventur,3
9,remark,6
9,tut,2
9,child,1
9,everyth,3
9,got,2
9,squeez,1
9,closer,1
9,side,1
9,spoke,3
9,like,8
9,keep,2
9,first,2
9,_very_,1
9,ugli,1
9,second,1
9,exact,1
9,right,4
9,height,1
9,rest,2
9,chin,4
9,upon,2
9,shoulder,2
9,uncomfort,1
9,sharp,3
9,howev,2
9,rude,1
9,bore,1
9,could,5
9,game,4
9,go,5
9,rather,1
9,better,2
9,way,2
9,convers,1
9,tis,3
9,isoh,1
9,love,2
9,world,1
9,round,2
9,somebodi,1
9,whisper,1
9,done,1
9,everybodi,2
9,mind,1
9,busi,1
9,ah,2
9,mean,1
9,dig,2
9,ad,3
9,istak,1
9,care,2
9,sens,1
9,sound,1
9,take,3
9,fond,1
9,dare,1
9,say,11
9,wonder,1
9,dont,10
9,put,3
9,waist,1
9,paus,1
9,reason,2
9,im,3
9,doubt,2
9,flamingo,2
9,tri,2
9,experi,2
9,might,3
9,bite,2
9,cautious,1
9,repli,4
9,feel,3
9,anxious,2
9,true,1
9,mustard,2
9,isbird,1
9,feather,1
9,flock,1
9,isnt,1
9,bird,1
9,usual,1
9,clear,1
9,miner,1
9,_think_,1
9,cours,5
9,seem,2
9,readi,2
9,agre,2
9,there,1
9,larg,2
9,mustardmin,1
9,near,3
9,isth,1
9,mine,1
9,less,1
9,oh,2
9,exclaim,3
9,attend,1
9,last,4
9,veget,1
9,doesnt,2
9,look,6
9,isb,1
9,would,5
9,beor,1
9,youd,1
9,simplynev,1
9,imagin,1
9,otherwis,3
9,appear,2
9,other,1
9,understand,1
9,polit,1
9,written,1
9,follow,3
9,that,3
9,noth,3
9,chose,1
9,pray,1
9,troubl,2
9,longer,1
9,present,3
9,ive,3
9,yet,2
9,cheap,1
9,sort,1
9,give,2
9,birthday,1
9,loud,1
9,ask,6
9,anoth,1
9,sharpli,1
9,begin,3
9,worri,1
9,pig,1
9,fli,1
9,great,2
9,surpris,2
9,duchesss,1
9,die,1
9,away,1
9,even,2
9,middl,1
9,favourit,1
9,word,6
9,link,1
9,began,2
9,trembl,1
9,stood,1
9,queen,14
9,front,1
9,fold,1
9,frown,1
9,thunderstorm,1
9,fine,1
9,day,8
9,majesti,1
9,low,2
9,weak,1
9,fair,1
9,warn,1
9,shout,2
9,stamp,1
9,ground,1
9,either,1
9,head,3
9,must,3
9,half,4
9,choic,2
9,took,2
9,gone,2
9,moment,3
9,let,1
9,frighten,1
9,slowli,2
9,back,3
9,croquetground,1
9,guest,1
9,taken,2
9,advantag,1
9,absenc,1
9,shade,1
9,saw,3
9,hurri,2
9,mere,1
9,delay,1
9,cost,1
9,live,2
9,play,1
9,never,10
9,left,3
9,quarrel,1
9,player,2
9,sentenc,2
9,custodi,2
9,soldier,1
9,leav,2
9,arch,2
9,end,2
9,hour,3
9,except,1
9,king,2
9,execut,4
9,breath,1
9,seen,1
9,come,7
9,histori,3
9,compani,1
9,general,1
9,pardon,1
9,_thats_,1
9,good,2
9,felt,2
9,unhappi,1
9,number,1
9,order,3
9,soon,1
9,came,2
9,gryphon,20
9,lie,1
9,fast,1
9,asleep,1
9,sun,1
9,pictur,1
9,lazi,1
9,young,2
9,ladi,2
9,hear,2
9,alon,1
9,creatur,2
9,whole,1
9,safe,1
9,stay,1
9,wait,2
9,sat,4
9,rub,1
9,eye,2
9,watch,1
9,till,2
9,sight,1
9,chuckl,1
9,fun,2
9,_is_,1
9,_she_,1
9,fanci,2
9,nobodi,2
9,life,1
9,far,1
9,distanc,1
9,sit,2
9,sad,1
9,lone,1
9,ledg,1
9,rock,1
9,nearer,1
9,sigh,5
9,heart,1
9,break,1
9,piti,1
9,deepli,1
9,sorrow,2
9,answer,1
9,full,1
9,tear,1
9,want,2
9,ill,1
9,deep,2
9,hollow,1
9,speak,2
9,finish,2
9,minut,1
9,_ever_,1
9,patient,1
9,real,1
9,long,1
9,silenc,1
9,broken,1
9,occasion,1
9,exclam,1
9,hjckrrh,1
9,constant,1
9,heavi,1
9,sob,2
9,get,1
9,thank,1
9,sir,1
9,interest,1
9,help,1
9,_must_,1
9,still,2
9,calm,1
9,school,4
9,sea,3
9,master,2
9,turtlew,1
9,use,3
9,call,4
9,tortois,3
9,wasnt,2
9,taught,3
9,us,2
9,angrili,1
9,realli,2
9,dull,1
9,ought,1
9,asham,1
9,simpl,1
9,question,2
9,silent,1
9,poor,1
9,sink,1
9,earth,1
9,drive,1
9,fellow,1
9,yes,3
9,maynt,1
9,believ,1
9,didnt,1
9,interrupt,2
9,hold,1
9,tongu,1
9,best,1
9,educationsin,1
9,fact,1
9,everi,1
9,_ive_,1
9,dayschool,1
9,neednt,1
9,proud,1
9,extra,1
9,learn,3
9,french,2
9,music,2
9,wash,1
9,certain,1
9,indign,1
9,relief,1
9,_ours_,1
9,bill,1
9,_and,1
9,washing_extra,1
9,couldnt,2
9,bottom,1
9,afford,1
9,regular,1
9,inquir,1
9,reel,1
9,writh,1
9,differ,1
9,branch,1
9,arithmeticambit,1
9,distract,1
9,uglif,2
9,deris,1
9,lift,1
9,paw,2
9,uglifi,2
9,beautifi,1
9,suppos,1
9,meanstomakeanythingpretti,1
9,_are_,1
9,simpleton,1
9,encourag,1
9,turn,2
9,els,1
9,mysteri,2
9,count,1
9,subject,2
9,flapper,1
9,ancient,1
9,modern,1
9,seaographi,1
9,drawlingth,1
9,drawlingmast,1
9,congereel,1
9,week,1
9,_he_,2
9,drawl,1
9,stretch,1
9,faint,1
9,coil,1
9,show,1
9,stiff,1
9,learnt,1
9,hadnt,1
9,classic,1
9,crab,1
9,laugh,1
9,grief,1
9,hid,1
9,face,1
9,mani,1
9,lesson,3
9,chang,1
9,ten,1
9,nine,1
9,next,2
9,curious,1
9,plan,1
9,theyr,1
9,lessen,1
9,idea,1
9,eleventh,1
9,holiday,1
9,manag,1
9,twelfth,1
9,eager,1
9,enough,1
9,decid,1
10,lobster,14
10,quadrill,4
10,mock,28
10,turtl,30
10,sigh,2
10,deepli,2
10,drew,2
10,back,5
10,one,5
10,flapper,1
10,across,1
10,eye,3
10,look,5
10,alic,29
10,tri,4
10,speak,1
10,minut,1
10,two,5
10,sob,2
10,choke,2
10,voic,10
10,bone,1
10,throat,1
10,said,45
10,gryphon,31
10,set,2
10,work,1
10,shake,1
10,punch,1
10,last,2
10,recov,1
10,tear,1
10,run,2
10,cheek,1
10,went,6
10,may,2
10,live,1
10,much,3
10,sea,7
10,havent,1
10,aliceand,1
10,perhap,1
10,never,5
10,even,3
10,introduc,1
10,began,5
10,say,5
10,tast,2
10,check,2
10,hastili,3
10,idea,1
10,delight,2
10,thing,4
10,inde,3
10,sort,1
10,danc,15
10,first,7
10,form,1
10,line,2
10,along,1
10,seashor,1
10,cri,6
10,seal,1
10,salmon,1
10,youv,2
10,clear,1
10,jellyfish,1
10,way,3
10,_that_,1
10,general,1
10,take,4
10,time,5
10,interrupt,2
10,advanc,3
10,twice,2
10,partner,2
10,cours,5
10,chang,3
10,retir,1
10,order,2
10,continu,3
10,know,8
10,throw,2
10,shout,1
10,bound,1
10,air,1
10,far,5
10,swim,1
10,scream,1
10,turn,4
10,somersault,1
10,caper,1
10,wild,1
10,yell,1
10,top,1
10,land,1
10,that,4
10,figur,3
10,sudden,1
10,drop,1
10,creatur,3
10,jump,1
10,like,8
10,mad,1
10,sat,2
10,sad,2
10,quiet,2
10,must,2
10,pretti,1
10,timid,3
10,would,15
10,see,2
10,littl,5
10,come,8
10,let,2
10,without,3
10,shall,2
10,sing,5
10,oh,3
10,_you_,2
10,ive,2
10,forgotten,1
10,word,4
10,solemn,2
10,round,2
10,everi,1
10,tread,2
10,toe,3
10,pass,3
10,close,3
10,wave,1
10,forepaw,1
10,mark,2
10,sang,1
10,slowli,1
10,walk,1
10,faster,2
10,white,9
10,snail,3
10,there,1
10,porpois,4
10,behind,1
10,us,4
10,hes,1
10,tail,4
10,eager,2
10,wait,3
10,shinglewil,1
10,join,9
10,wont,10
10,realli,2
10,notion,1
10,repli,7
10,gave,2
10,askanc,1
10,thank,3
10,kind,4
10,could,7
10,matter,1
10,go,8
10,scali,1
10,friend,1
10,anoth,2
10,shore,1
10,upon,1
10,side,2
10,england,1
10,nearer,1
10,franc,1
10,pale,1
10,belov,1
10,interest,2
10,watch,1
10,feel,1
10,glad,2
10,curious,3
10,song,5
10,theyyouv,1
10,seen,3
10,yes,2
10,often,2
10,dinn,2
10,dont,4
10,theyr,3
10,believ,2
10,thought,6
10,mouthsand,1
10,crumb,3
10,your,1
10,wrong,2
10,wash,1
10,_have_,1
10,mouth,3
10,reason,3
10,yawn,1
10,shut,1
10,eyestel,1
10,_would_,1
10,got,5
10,thrown,1
10,fall,1
10,long,3
10,fast,1
10,couldnt,1
10,get,1
10,knew,2
10,tell,4
10,call,1
10,_it,1
10,boot,3
10,shoes_,1
10,thorough,1
10,puzzl,2
10,shoe,3
10,repeat,10
10,wonder,2
10,tone,7
10,_your_,2
10,done,3
10,mean,3
10,make,2
10,shini,1
10,consid,1
10,answer,2
10,black,1
10,deep,1
10,made,1
10,ask,1
10,great,2
10,curios,1
10,sole,1
10,eel,1
10,rather,2
10,impati,3
10,shrimp,1
10,told,2
10,id,2
10,whose,1
10,still,1
10,keep,1
10,pleas,2
10,want,1
10,oblig,1
10,wise,1
10,fish,3
10,anywher,1
10,wouldnt,1
10,surpris,1
10,came,4
10,_me_,1
10,journey,1
10,purpos,1
10,offend,2
10,ad,1
10,hear,2
10,adventur,3
10,adventuresbegin,1
10,morn,1
10,use,3
10,yesterday,1
10,differ,4
10,person,1
10,explain,4
10,explan,1
10,dread,2
10,saw,1
10,rabbit,1
10,nervous,1
10,open,1
10,_very_,1
10,wide,1
10,gain,1
10,courag,1
10,listen,1
10,perfect,1
10,till,1
10,part,1
10,_you,1
10,old,2
10,father,1
10,william_,1
10,caterpillar,1
10,breath,1
10,someth,1
10,begin,3
10,author,1
10,stand,1
10,_tis,1
10,sluggard_,1
10,lesson,1
10,might,1
10,well,2
10,school,1
10,howev,1
10,head,1
10,full,1
10,hard,1
10,queer,1
10,tis,1
10,heard,4
10,declar,1
10,bake,1
10,brown,1
10,sugar,1
10,hair,1
10,duck,1
10,eyelid,1
10,nose,2
10,trim,1
10,belt,1
10,button,1
10,later,2
10,edit,2
10,follow,3
10,sand,1
10,dri,1
10,gay,1
10,lark,1
10,talk,1
10,contemptu,1
10,shark,2
10,tide,1
10,rise,1
10,around,1
10,tremul,1
10,sound,2
10,_i_,2
10,child,1
10,uncommon,1
10,nonsens,1
10,noth,1
10,face,1
10,hand,2
10,anyth,1
10,_ever_,1
10,happen,1
10,natur,1
10,cant,1
10,next,2
10,vers,2
10,persist,1
10,_could_,1
10,posit,1
10,whole,1
10,subject,1
10,_i,1
10,garden_,1
10,dare,1
10,disobey,1
10,though,1
10,felt,1
10,sure,1
10,trembl,1
10,garden,1
10,owl,3
10,panther,3
10,share,2
10,pie,2
10,took,1
10,piecrust,1
10,gravi,1
10,meat,1
10,dish,2
10,treat,1
10,finish,1
10,boon,1
10,permit,1
10,pocket,1
10,spoon,1
10,receiv,1
10,knife,1
10,fork,1
10,growl,1
10,conclud,1
10,banquet,1
10,_is_,1
10,stuff,1
10,confus,1
10,ever,1
10,think,1
10,youd,1
10,better,1
10,leav,1
10,hm,1
10,account,1
10,_turtl,1
10,soup_,1
10,fellow,1
10,sometim,1
10,beauti,12
10,soup,11
10,rich,1
10,green,1
10,hot,1
10,tureen,1
10,dainti,1
10,stoop,1
10,beauooti,4
10,soooop,7
10,eeeven,3
10,care,1
10,game,1
10,give,1
10,els,1
10,p,1
10,ennyworth,1
10,pennyworth,1
10,chorus,1
10,begun,1
10,trial,2
10,distanc,1
10,hurri,1
10,end,1
10,pant,1
10,ran,2
10,faint,1
10,carri,1
10,breez,1
10,melancholi,1
11,stole,2
11,tart,5
11,king,26
11,queen,9
11,heart,3
11,seat,1
11,throne,1
11,arriv,1
11,great,5
11,crowd,1
11,assembl,1
11,themal,1
11,sort,1
11,littl,5
11,bird,2
11,beast,1
11,well,5
11,whole,2
11,pack,1
11,card,1
11,knave,2
11,stand,3
11,chain,1
11,soldier,1
11,side,2
11,guard,1
11,near,4
11,white,7
11,rabbit,8
11,trumpet,3
11,one,11
11,hand,4
11,scroll,2
11,parchment,2
11,middl,1
11,court,15
11,tabl,1
11,larg,3
11,dish,1
11,upon,2
11,look,12
11,good,2
11,made,5
11,alic,16
11,quit,5
11,hungri,1
11,themi,1
11,wish,2
11,theyd,1
11,get,6
11,trial,5
11,done,4
11,thought,8
11,round,4
11,refresh,1
11,seem,2
11,chanc,1
11,began,7
11,everyth,2
11,pass,1
11,away,3
11,time,4
11,never,4
11,justic,1
11,read,6
11,book,1
11,pleas,1
11,find,1
11,knew,2
11,name,3
11,that,3
11,judg,2
11,said,40
11,wig,2
11,way,2
11,wore,1
11,crown,1
11,frontispiec,1
11,want,1
11,see,5
11,comfort,1
11,certain,1
11,becom,2
11,jurybox,1
11,twelv,2
11,creatur,2
11,oblig,2
11,say,2
11,anim,1
11,suppos,1
11,juror,5
11,last,2
11,word,2
11,two,1
11,three,4
11,rather,3
11,proud,1
11,right,2
11,girl,1
11,age,1
11,mean,1
11,howev,1
11,jurymen,1
11,would,4
11,write,4
11,busili,1
11,slate,4
11,whisper,2
11,gryphon,2
11,cant,4
11,anyth,1
11,put,5
11,yet,3
11,begun,2
11,theyr,1
11,repli,3
11,fear,1
11,forget,1
11,end,2
11,stupid,3
11,thing,3
11,loud,1
11,indign,1
11,voic,6
11,stop,1
11,hastili,2
11,cri,1
11,silenc,1
11,spectacl,2
11,anxious,4
11,make,4
11,talk,2
11,could,5
11,shoulder,1
11,even,3
11,didnt,2
11,know,3
11,spell,1
11,ask,2
11,neighbour,1
11,tell,1
11,nice,1
11,muddl,1
11,slatesl,1
11,pencil,1
11,squeak,1
11,cours,2
11,_not_,1
11,went,4
11,got,4
11,behind,2
11,soon,1
11,found,1
11,opportun,1
11,take,4
11,quick,1
11,poor,5
11,bill,1
11,lizard,1
11,hunt,1
11,finger,1
11,rest,1
11,day,2
11,use,1
11,left,3
11,mark,1
11,herald,1
11,accus,1
11,blew,2
11,blast,2
11,unrol,1
11,follow,2
11,summer,1
11,took,1
11,consid,1
11,verdict,1
11,juri,5
11,interrupt,2
11,there,1
11,deal,2
11,come,2
11,call,4
11,first,5
11,wit,10
11,hatter,21
11,came,1
11,teacup,3
11,piec,2
11,breadandbutt,5
11,beg,1
11,pardon,1
11,majesti,4
11,bring,2
11,hadnt,2
11,finish,4
11,tea,4
11,sent,1
11,ought,1
11,begin,3
11,march,6
11,hare,5
11,arminarm,1
11,dormous,13
11,fourteenth,1
11,_think_,1
11,fifteenth,1
11,sixteenth,1
11,ad,5
11,eager,1
11,wrote,1
11,date,1
11,reduc,1
11,answer,1
11,shill,1
11,penc,1
11,hat,1
11,isnt,1
11,mine,1
11,_stolen_,1
11,exclaim,1
11,turn,4
11,instant,1
11,memorandum,1
11,fact,1
11,keep,1
11,sell,1
11,explan,1
11,ive,3
11,none,1
11,im,7
11,stare,2
11,pale,1
11,fidget,1
11,give,3
11,evid,4
11,dont,2
11,nervous,2
11,ill,3
11,execut,3
11,spot,1
11,encourag,1
11,kept,1
11,shift,1
11,foot,1
11,uneasili,1
11,confus,2
11,bit,1
11,instead,1
11,moment,1
11,felt,1
11,curious,2
11,sensat,1
11,puzzl,1
11,grow,5
11,larger,1
11,leav,2
11,second,1
11,decid,1
11,remain,1
11,long,1
11,room,1
11,wouldnt,1
11,squeez,1
11,sit,1
11,next,6
11,hard,2
11,breath,1
11,help,1
11,meek,1
11,youv,1
11,_here_,1
11,nonsens,1
11,bold,1
11,your,3
11,yes,1
11,_i_,1
11,reason,1
11,pace,1
11,ridicul,1
11,fashion,1
11,sulkili,1
11,cross,2
11,offic,5
11,list,3
11,singer,2
11,concert,1
11,wretch,1
11,trembl,2
11,shook,1
11,shoe,2
11,repeat,1
11,angrili,1
11,whether,1
11,man,3
11,teanot,1
11,week,1
11,soand,1
11,thinand,1
11,twinkl,4
11,_what_,1
11,_began_,1
11,sharpli,1
11,dunc,1
11,go,3
11,thaton,1
11,hurri,2
11,deni,4
11,part,1
11,rate,1
11,noth,1
11,fast,1
11,asleep,1
11,continu,2
11,cut,1
11,rememb,2
11,_must_,1
11,remark,1
11,miser,1
11,drop,1
11,knee,1
11,_very_,1
11,_speaker_,1
11,guineapig,4
11,cheer,2
11,immedi,2
11,suppress,4
11,explain,1
11,canva,1
11,bag,1
11,tie,1
11,mouth,1
11,string,1
11,slip,1
11,head,2
11,sat,1
11,glad,1
11,seen,1
11,often,1
11,newspap,1
11,attempt,1
11,applaus,1
11,understood,1
11,meant,1
11,till,2
11,may,3
11,lower,1
11,floor,1
11,_sit_,1
11,shall,1
11,better,1
11,id,1
11,without,1
11,wait,1
11,outsid,1
11,sight,2
11,door,2
11,duchesss,1
11,cook,5
11,carri,1
11,pepperbox,1
11,guess,1
11,peopl,1
11,sneez,1
11,shant,1
11,low,1
11,must,4
11,crossexamin,2
11,_this_,1
11,melancholi,1
11,air,2
11,fold,1
11,arm,1
11,frown,1
11,eye,1
11,deep,1
11,pepper,1
11,most,1
11,treacl,1
11,sleepi,1
11,collar,1
11,shriek,1
11,behead,1
11,pinch,1
11,whisker,1
11,minut,1
11,settl,1
11,disappear,1
11,mind,1
11,relief,1
11,underton,1
11,realli,1
11,dear,1
11,_you_,1
11,forehead,1
11,ach,1
11,watch,1
11,fumbl,1
11,feel,1
11,like,1
11,havent,1
11,much,1
11,_yet_,1
11,imagin,1
11,surpris,1
11,top,1
11,shrill,1
12,alic,24
12,evid,3
12,cri,2
12,quit,2
12,forget,1
12,flurri,1
12,moment,2
12,larg,2
12,grown,4
12,last,4
12,minut,2
12,jump,2
12,hurri,3
12,tip,1
12,jurybox,3
12,edg,1
12,skirt,1
12,upset,3
12,jurymen,4
12,head,8
12,crowd,1
12,lay,1
12,sprawl,1
12,remind,1
12,much,5
12,globe,1
12,goldfish,2
12,accident,1
12,week,1
12,oh,2
12,_beg_,1
12,pardon,1
12,exclaim,1
12,tone,4
12,great,3
12,dismay,1
12,began,3
12,pick,2
12,quick,1
12,could,8
12,accid,2
12,kept,2
12,run,2
12,vagu,1
12,sort,2
12,idea,2
12,must,15
12,collect,5
12,put,4
12,back,4
12,would,12
12,die,1
12,trial,2
12,cannot,5
12,proceed,1
12,said,50
12,king,22
12,grave,2
12,voic,6
12,proper,1
12,places_all_,1
12,repeat,1
12,emphasi,1
12,look,9
12,hard,1
12,saw,1
12,hast,1
12,lizard,4
12,downward,1
12,poor,1
12,littl,10
12,thing,5
12,wave,2
12,tail,1
12,melancholi,1
12,way,6
12,unabl,1
12,move,2
12,soon,2
12,got,2
12,right,6
12,signifi,1
12,think,4
12,_quite_,1
12,use,21
12,one,9
12,juri,10
12,recov,1
12,shock,1
12,slate,5
12,pencil,1
12,found,6
12,hand,6
12,set,12
12,work,78
12,dilig,1
12,write,8
12,histori,1
12,except,5
12,seem,4
12,overcom,1
12,anyth,3
12,sit,1
12,mouth,1
12,open,3
12,gaze,1
12,roof,1
12,court,2
12,know,10
12,busi,3
12,noth,7
12,_whatever_,1
12,persist,1
12,whatev,1
12,that,5
12,import,4
12,turn,4
12,begin,5
12,white,8
12,rabbit,8
12,interrupt,2
12,_un_import,2
12,majesti,4
12,mean,8
12,cours,3
12,respect,1
12,frown,1
12,make,7
12,face,3
12,spoke,3
12,meant,2
12,hastili,3
12,went,3
12,underton,1
12,importantunimportantunimportantimport,1
12,tri,3
12,word,4
12,sound,1
12,best,2
12,wrote,2
12,unimport,1
12,see,6
12,near,4
12,enough,1
12,doesnt,2
12,matter,3
12,bit,2
12,thought,1
12,time,3
12,busili,1
12,notebook,2
12,cackl,1
12,silenc,2
12,read,8
12,book,2
12,rule,4
12,fortytwo,1
12,_all,1
12,person,5
12,mile,3
12,high,3
12,leav,2
12,court_,1
12,everybodi,2
12,_im_,1
12,two,2
12,ad,4
12,queen,10
12,well,3
12,shant,1
12,go,2
12,rate,1
12,besid,1
12,regular,1
12,invent,1
12,oldest,1
12,ought,1
12,number,4
12,pale,1
12,shut,1
12,consid,2
12,verdict,2
12,low,2
12,trembl,1
12,there,6
12,come,3
12,yet,4
12,pleas,6
12,paper,4
12,what,1
12,havent,1
12,letter,2
12,written,6
12,prison,2
12,toto,1
12,somebodi,2
12,unless,4
12,nobodi,2
12,isnt,3
12,usual,1
12,direct,4
12,fact,1
12,_outside_,1
12,unfold,1
12,vers,4
12,handwrit,1
12,ask,2
12,anoth,1
12,theyr,2
12,queerest,1
12,puzzl,1
12,imit,1
12,els,2
12,brighten,1
12,knave,3
12,didnt,2
12,cant,2
12,prove,2
12,name,4
12,sign,3
12,end,4
12,wors,1
12,_must_,1
12,mischief,1
12,youd,1
12,like,3
12,honest,1
12,man,1
12,general,4
12,clap,1
12,first,3
12,realli,1
12,clever,1
12,day,7
12,_proves_,1
12,guilt,1
12,dont,5
12,even,4
12,spectacl,1
12,shall,3
12,till,2
12,stop,1
12,told,2
12,mention,1
12,gave,7
12,good,1
12,charact,1
12,swim,2
12,sent,2
12,gone,1
12,true,1
12,push,1
12,becom,1
12,us,9
12,three,1
12,return,6
12,though,2
12,mine,1
12,chanc,1
12,involv,1
12,affair,1
12,trust,1
12,free,6
12,exact,1
12,notion,1
12,fit,3
12,obstacl,1
12,came,2
12,let,3
12,ever,1
12,secret,1
12,rest,1
12,piec,1
12,weve,1
12,heard,1
12,rub,1
12,explain,2
12,wasnt,1
12,afraid,1
12,ill,1
12,give,4
12,sixpenc,1
12,_i_,1
12,believ,3
12,atom,2
12,_she_,1
12,none,1
12,attempt,1
12,save,1
12,world,2
12,troubl,1
12,neednt,1
12,find,2
12,spread,1
12,knee,3
12,eye,4
12,_said,1
12,swim_,1
12,shook,1
12,sad,1
12,certain,4
12,_not_,1
12,made,2
12,entir,1
12,cardboard,1
12,far,1
12,mutter,1
12,_we,1
12,true_,1
12,course_i,1
12,two_,1
12,tart,2
12,goe,1
12,_they,1
12,you_,1
12,triumphant,1
12,point,1
12,tabl,1
12,clearer,1
12,_that_,1
12,again_befor,1
12,fit_,1
12,never,2
12,dear,3
12,furious,1
12,throw,1
12,inkstand,1
12,unfortun,2
12,bill,1
12,left,2
12,finger,1
12,mark,3
12,ink,1
12,trickl,1
12,long,5
12,_fit_,1
12,round,1
12,smile,1
12,dead,2
12,pun,1
12,offend,1
12,laugh,1
12,twentieth,1
12,sentenc,4
12,firstverdict,1
12,afterward,1
12,stuff,1
12,nonsens,1
12,loud,1
12,hold,2
12,tongu,1
12,purpl,1
12,wont,1
12,shout,1
12,top,1
12,care,1
12,full,14
12,size,1
12,your,1
12,pack,2
12,card,2
12,whole,2
12,rose,1
12,air,2
12,fli,1
12,upon,5
12,scream,1
12,half,3
12,fright,1
12,anger,1
12,beat,1
12,lie,1
12,bank,1
12,lap,1
12,sister,7
12,gentl,1
12,brush,1
12,away,2
12,flutter,1
12,tree,1
12,wake,1
12,sleep,1
12,youv,1
12,ive,1
12,curious,2
12,dream,8
12,rememb,2
12,strang,3
12,adventur,3
12,finish,1
12,kiss,1
12,_was_,1
12,tea,1
12,get,2
12,late,1
12,ran,2
12,might,1
12,wonder,2
12,sat,2
12,still,2
12,lean,1
12,watch,1
12,sun,1
12,fashion,1
12,tini,1
12,clasp,1
12,bright,2
12,eager,2
12,herssh,1
12,hear,3
12,queer,2
12,toss,1
12,keep,6
12,wander,1
12,hair,1
12,_would_,1
12,alway,1
12,eyesand,1
12,listen,2
12,place,3
12,around,2
12,becam,1
12,aliv,1
12,creatur,1
12,grass,2
12,rustl,2
12,feet,1
12,byth,1
12,frighten,1
12,mous,1
12,splash,1
12,neighbour,1
12,poolsh,1
12,rattl,2
12,teacup,2
12,march,1
12,hare,1
12,friend,1
12,share,4
12,neverend,1
12,meal,1
12,shrill,2
12,order,1
12,guest,1
12,executiononc,1
12,pigbabi,1
12,sneez,2
12,duchesss,1
12,plate,1
12,dish,1
12,crash,1
12,itonc,1
12,shriek,2
12,gryphon,2
12,squeak,1
12,slatepencil,1
12,choke,1
12,suppress,1
12,guineapig,1
12,fill,1
12,mix,1
12,distant,1
12,sob,2
12,miser,1
12,mock,2
12,turtl,2
12,close,1
12,wonderland,3
12,knew,2
12,chang,4
12,dull,1
12,realityth,1
12,wind,1
12,pool,1
12,rippl,1
12,reedsth,1
12,tinkl,1
12,sheepbel,1
12,shepherd,1
12,boyand,1
12,babi,1
12,nois,1
12,confus,1
12,clamour,1
12,farmyardwhil,1
12,cattl,1
12,distanc,1
12,take,2
12,heavi,1
12,pictur,1
12,aftertim,1
12,woman,1
12,riper,1
12,year,2
12,simpl,3
12,love,1
12,heart,1
12,childhood,1
12,gather,1
12,children,1
12,_their_,1
12,mani,3
12,tale,1
12,perhap,1
12,ago,1
12,feel,1
12,sorrow,1
12,pleasur,1
12,joy,1
12,childlif,1
12,happi,1
12,summer,1
12,project,85
12,gutenberg,28
12,ebook,14
12,file,4
12,txt,1
12,zip,1
12,associ,8
12,various,1
12,format,6
12,httpswwwgutenbergorg,1
12,updat,1
12,edit,5
12,replac,6
12,previous,1
12,oneth,1
12,old,2
12,renam,1
12,creat,6
12,print,3
12,protect,7
12,copyright,19
12,law,16
12,own,2
12,unit,13
12,state,23
12,foundat,25
12,copi,24
12,distribut,23
12,without,8
12,permiss,6
12,pay,4
12,royalti,6
12,special,1
12,forth,8
12,term,21
12,part,5
12,licens,17
12,appli,1
12,gutenbergtm,57
12,electron,29
12,concept,2
12,trademark,13
12,regist,2
12,may,14
12,charg,7
12,follow,5
12,includ,13
12,compli,9
12,easi,1
12,purpos,2
12,creation,1
12,deriv,5
12,report,2
12,perform,6
12,research,2
12,modifi,1
12,given,1
12,awayyou,1
12,practic,1
12,redistribut,5
12,subject,1
12,especi,1
12,commerci,1
12,start,2
12,mission,4
12,promot,3
12,phrase,4
12,agre,10
12,avail,2
12,onlin,3
12,wwwgutenbergorglicens,1
12,section,8
12,a,1
12,indic,2
12,understand,1
12,accept,4
12,intellectu,2
12,properti,2
12,trademarkcopyright,1
12,agreement,18
12,abid,1
12,ceas,1
12,destroy,2
12,possess,2
12,paid,6
12,fee,12
12,obtain,5
12,access,12
12,bound,2
12,refund,10
12,entiti,3
12,paragraph,14
12,e,22
12,b,2
12,peopl,3
12,c,4
12,lot,1
12,help,3
12,preserv,1
12,futur,3
12,literari,13
12,archiv,13
12,pglaf,1
12,compil,1
12,individu,4
12,public,3
12,domain,2
12,unprotect,1
12,locat,6
12,claim,1
12,prevent,1
12,display,6
12,base,2
12,refer,2
12,remov,3
12,hope,1
12,support,4
12,freeli,4
12,complianc,5
12,easili,1
12,attach,1
12,other,1
12,d,1
12,also,2
12,govern,1
12,countri,4
12,constant,1
12,outsid,2
12,check,4
12,addit,5
12,download,1
12,represent,1
12,concern,2
12,status,4
12,activ,2
12,link,4
12,immedi,2
12,appear,3
12,promin,2
12,whenev,1
12,view,2
12,anyon,4
12,anywher,1
12,cost,4
12,almost,1
12,restrict,1
12,whatsoev,1
12,reus,1
12,wwwgutenbergorg,4
12,text,1
12,contain,3
12,notic,3
12,post,4
12,holder,4
12,provid,15
12,either,1
12,requir,6
12,impos,1
12,unlink,1
12,detach,1
12,convert,1
12,binari,1
12,compress,1
12,nonproprietari,1
12,proprietari,1
12,form,4
12,process,1
12,hypertext,1
12,howev,1
12,plain,2
12,vanilla,2
12,ascii,2
12,offici,3
12,version,1
12,websit,4
12,expens,3
12,user,3
12,export,1
12,request,1
12,origin,2
12,altern,1
12,specifi,2
12,reason,1
12,gross,1
12,profit,1
12,calcul,2
12,method,2
12,alreadi,1
12,applic,3
12,tax,7
12,owe,1
12,owner,4
12,donat,19
12,payment,3
12,within,4
12,date,2
12,prepar,2
12,legal,3
12,period,1
12,clear,1
12,address,2
12,inform,8
12,money,3
12,notifi,1
12,email,3
12,receipt,2
12,physic,2
12,medium,5
12,discontinu,1
12,accord,2
12,f,11
12,defect,7
12,discov,2
12,wish,1
12,group,1
12,differ,1
12,manag,1
12,contact,3
12,volunt,6
12,employe,2
12,expend,1
12,consider,2
12,effort,5
12,identifi,1
12,transcrib,1
12,proofread,1
12,despit,1
12,store,1
12,limit,8
12,incomplet,1
12,inaccur,1
12,corrupt,1
12,data,1
12,transcript,1
12,error,1
12,infring,1
12,damag,7
12,disk,1
12,comput,4
12,virus,1
12,code,1
12,equip,3
12,warranti,5
12,disclaim,5
12,describ,1
12,parti,1
12,liabil,3
12,remedi,1
12,neglig,1
12,strict,1
12,breach,2
12,contract,1
12,distributor,1
12,liabl,1
12,actual,1
12,indirect,2
12,consequenti,1
12,punit,1
12,incident,1
12,possibl,1
12,receiv,8
12,send,2
12,explan,2
12,elect,1
12,lieu,2
12,choos,1
12,second,2
12,opportun,2
12,demand,1
12,fix,1
12,problem,1
12,asi,1
12,kind,1
12,express,1
12,impli,2
12,merchant,1
12,allow,1
12,exclus,1
12,type,1
12,violat,1
12,interpret,1
12,maximum,1
12,permit,2
12,invalid,1
12,unenforc,1
12,provis,2
12,void,1
12,remain,2
12,indemn,1
12,indemnifi,1
12,agent,1
12,product,1
12,harmless,1
12,aris,1
12,caus,2
12,occur,1
12,alter,1
12,modif,1
12,delet,1
12,synonym,1
12,readabl,1
12,widest,2
12,varieti,1
12,obsolet,1
12,middleag,1
12,new,3
12,exist,1
12,hundr,1
12,walk,1
12,life,1
12,financi,1
12,assist,1
12,need,1
12,critic,1
12,reach,1
12,goal,1
12,ensur,1
12,generat,2
12,secur,1
12,perman,1
12,learn,1
12,page,3
12,nonprofit,1
12,educ,1
12,corpor,1
12,organ,1
12,mississippi,1
12,grant,1
12,exempt,2
12,intern,2
12,revenu,1
12,servic,1
12,ein,1
12,feder,2
12,identif,1
12,contribut,2
12,deduct,1
12,extent,1
12,offic,1
12,north,1
12,west,1
12,salt,1
12,lake,1
12,citi,1
12,ut,1
12,wwwgutenbergorgcontact,1
12,depend,1
12,surviv,1
12,widespread,1
12,carri,1
12,increas,1
12,machineread,1
12,array,1
12,outdat,1
12,small,2
12,particular,3
12,maintain,1
12,ir,1
12,commit,1
12,regul,1
12,chariti,1
12,charit,1
12,uniform,1
12,paperwork,1
12,meet,1
12,solicit,3
12,confirm,2
12,determin,1
12,visit,2
12,wwwgutenbergorgdon,2
12,met,1
12,prohibit,1
12,unsolicit,1
12,donor,1
12,approach,1
12,offer,1
12,grate,1
12,statement,1
12,treatment,1
12,alon,1
12,swamp,1
12,staff,1
12,web,1
12,current,1
12,credit,1
12,professor,1
12,michael,1
12,hart,1
12,librari,1
12,forti,1
12,produc,2
12,loos,1
12,network,1
12,often,1
12,sever,1
12,thus,1
12,necessarili,1
12,main,1
12,pg,1
12,search,1
12,facil,1
12,subscrib,1
12,newslett,1
